image,name
/content/drive/MyDrive/setOfdata/augumentationpic/16_std2.jpg,std2
/content/drive/MyDrive/setOfdata/augumentationpic/12_std2.jpg,std2
/content/drive/MyDrive/setOfdata/augumentationpic/39_stud8.png,stud8
/content/drive/MyDrive/setOfdata/augumentationpic/38_std1.jpg,std1
/content/drive/MyDrive/setOfdata/augumentationpic/12_std5.jpg,std5
/content/drive/MyDrive/setOfdata/augumentationpic/58_stud9.png,stud9
/content/drive/MyDrive/setOfdata/augumentationpic/33_stud1.jpg,stud1
/content/drive/MyDrive/setOfdata/augumentationpic/68_stud5.png,stud5
/content/drive/MyDrive/setOfdata/augumentationpic/81_std5.jpg,std5
/content/drive/MyDrive/setOfdata/augumentationpic/58_std1.jpg,std1
/content/drive/MyDrive/setOfdata/augumentationpic/57_std1.jpg,std1
/content/drive/MyDrive/setOfdata/augumentationpic/42_stud8.png,stud8
/content/drive/MyDrive/setOfdata/augumentationpic/68_stud9.png,stud9
/content/drive/MyDrive/setOfdata/augumentationpic/44_std9.jpg,std9
/content/drive/MyDrive/setOfdata/augumentationpic/33_std8.jpg,std8
/content/drive/MyDrive/setOfdata/augumentationpic/28_stud2.png,stud2
/content/drive/MyDrive/setOfdata/augumentationpic/15_std1.jpg,std1
/content/drive/MyDrive/setOfdata/augumentationpic/88_stud4.jpg,stud4
/content/drive/MyDrive/setOfdata/augumentationpic/92_stud1.jpg,stud1
/content/drive/MyDrive/setOfdata/augumentationpic/35_stud3.jpg,stud3
/content/drive/MyDrive/setOfdata/augumentationpic/64_stud8.png,stud8
/content/drive/MyDrive/setOfdata/augumentationpic/80_std2.jpg,std2
/content/drive/MyDrive/setOfdata/augumentationpic/39_std2.jpg,std2
/content/drive/MyDrive/setOfdata/augumentationpic/45_std8.jpg,std8
/content/drive/MyDrive/setOfdata/augumentationpic/91_stud5.png,stud5
/content/drive/MyDrive/setOfdata/augumentationpic/13_stud4.jpg,stud4
/content/drive/MyDrive/setOfdata/augumentationpic/57_stud9.png,stud9
/content/drive/MyDrive/setOfdata/augumentationpic/83_stud1.jpg,stud1
/content/drive/MyDrive/setOfdata/augumentationpic/68_stud4.jpg,stud4
/content/drive/MyDrive/setOfdata/augumentationpic/80_stud8.png,stud8
/content/drive/MyDrive/setOfdata/augumentationpic/42_std1.jpg,std1
/content/drive/MyDrive/setOfdata/augumentationpic/2_stud1.jpg,stud1
/content/drive/MyDrive/setOfdata/augumentationpic/92_std2.jpg,std2
/content/drive/MyDrive/setOfdata/augumentationpic/79_stud2.png,stud2
/content/drive/MyDrive/setOfdata/augumentationpic/52_stud2.png,stud2
/content/drive/MyDrive/setOfdata/augumentationpic/97_stud5.png,stud5
/content/drive/MyDrive/setOfdata/augumentationpic/4_stud8.png,stud8
/content/drive/MyDrive/setOfdata/augumentationpic/85_std8.jpg,std8
/content/drive/MyDrive/setOfdata/augumentationpic/1_std8.jpg,std8
/content/drive/MyDrive/setOfdata/augumentationpic/68_stud1.jpg,stud1
/content/drive/MyDrive/setOfdata/augumentationpic/41_std9.jpg,std9
/content/drive/MyDrive/setOfdata/augumentationpic/47_stud8.png,stud8
/content/drive/MyDrive/setOfdata/augumentationpic/45_std2.jpg,std2
/content/drive/MyDrive/setOfdata/augumentationpic/96_std1.jpg,std1
/content/drive/MyDrive/setOfdata/augumentationpic/63_stud3.jpg,stud3
/content/drive/MyDrive/setOfdata/augumentationpic/24_stud4.jpg,stud4
/content/drive/MyDrive/setOfdata/augumentationpic/68_stud8.png,stud8
/content/drive/MyDrive/setOfdata/augumentationpic/25_stud2.png,stud2
/content/drive/MyDrive/setOfdata/augumentationpic/9_stud5.png,stud5
/content/drive/MyDrive/setOfdata/augumentationpic/39_stud9.png,stud9
/content/drive/MyDrive/setOfdata/augumentationpic/94_std2.jpg,std2
/content/drive/MyDrive/setOfdata/augumentationpic/40_std9.jpg,std9
/content/drive/MyDrive/setOfdata/augumentationpic/40_stud2.png,stud2
/content/drive/MyDrive/setOfdata/augumentationpic/9_std8.jpg,std8
/content/drive/MyDrive/setOfdata/augumentationpic/59_std2.jpg,std2
/content/drive/MyDrive/setOfdata/augumentationpic/25_std8.jpg,std8
/content/drive/MyDrive/setOfdata/augumentationpic/88_stud8.png,stud8
/content/drive/MyDrive/setOfdata/augumentationpic/90_stud5.png,stud5
/content/drive/MyDrive/setOfdata/augumentationpic/5_stud5.png,stud5
/content/drive/MyDrive/setOfdata/augumentationpic/74_stud3.jpg,stud3
/content/drive/MyDrive/setOfdata/augumentationpic/13_stud1.jpg,stud1
/content/drive/MyDrive/setOfdata/augumentationpic/28_stud1.jpg,stud1
/content/drive/MyDrive/setOfdata/augumentationpic/38_stud5.png,stud5
/content/drive/MyDrive/setOfdata/augumentationpic/87_std9.jpg,std9
/content/drive/MyDrive/setOfdata/augumentationpic/52_stud9.png,stud9
/content/drive/MyDrive/setOfdata/augumentationpic/37_stud4.jpg,stud4
/content/drive/MyDrive/setOfdata/augumentationpic/27_stud5.png,stud5
/content/drive/MyDrive/setOfdata/augumentationpic/31_stud4.jpg,stud4
/content/drive/MyDrive/setOfdata/augumentationpic/22_std8.jpg,std8
/content/drive/MyDrive/setOfdata/augumentationpic/6_std5.jpg,std5
/content/drive/MyDrive/setOfdata/augumentationpic/30_stud5.png,stud5
/content/drive/MyDrive/setOfdata/augumentationpic/69_std2.jpg,std2
/content/drive/MyDrive/setOfdata/augumentationpic/14_std8.jpg,std8
/content/drive/MyDrive/setOfdata/augumentationpic/57_std9.jpg,std9
/content/drive/MyDrive/setOfdata/augumentationpic/71_std1.jpg,std1
/content/drive/MyDrive/setOfdata/augumentationpic/2_std2.jpg,std2
/content/drive/MyDrive/setOfdata/augumentationpic/96_stud4.jpg,stud4
/content/drive/MyDrive/setOfdata/augumentationpic/99_stud9.png,stud9
/content/drive/MyDrive/setOfdata/augumentationpic/61_std1.jpg,std1
/content/drive/MyDrive/setOfdata/augumentationpic/86_std5.jpg,std5
/content/drive/MyDrive/setOfdata/augumentationpic/83_stud8.png,stud8
/content/drive/MyDrive/setOfdata/augumentationpic/94_stud8.png,stud8
/content/drive/MyDrive/setOfdata/augumentationpic/45_std9.jpg,std9
/content/drive/MyDrive/setOfdata/augumentationpic/17_std2.jpg,std2
/content/drive/MyDrive/setOfdata/augumentationpic/0_stud9.png,stud9
/content/drive/MyDrive/setOfdata/augumentationpic/80_std5.jpg,std5
/content/drive/MyDrive/setOfdata/augumentationpic/42_stud2.png,stud2
/content/drive/MyDrive/setOfdata/augumentationpic/85_stud8.png,stud8
/content/drive/MyDrive/setOfdata/augumentationpic/71_stud9.png,stud9
/content/drive/MyDrive/setOfdata/augumentationpic/75_std2.jpg,std2
/content/drive/MyDrive/setOfdata/augumentationpic/70_stud1.jpg,stud1
/content/drive/MyDrive/setOfdata/augumentationpic/99_stud1.jpg,stud1
/content/drive/MyDrive/setOfdata/augumentationpic/28_stud5.png,stud5
/content/drive/MyDrive/setOfdata/augumentationpic/75_stud5.png,stud5
/content/drive/MyDrive/setOfdata/augumentationpic/31_std1.jpg,std1
/content/drive/MyDrive/setOfdata/augumentationpic/46_stud2.png,stud2
/content/drive/MyDrive/setOfdata/augumentationpic/4_stud1.jpg,stud1
/content/drive/MyDrive/setOfdata/augumentationpic/15_stud9.png,stud9
/content/drive/MyDrive/setOfdata/augumentationpic/69_stud4.jpg,stud4
/content/drive/MyDrive/setOfdata/augumentationpic/93_std5.jpg,std5
/content/drive/MyDrive/setOfdata/augumentationpic/98_stud8.png,stud8
/content/drive/MyDrive/setOfdata/augumentationpic/83_std8.jpg,std8
/content/drive/MyDrive/setOfdata/augumentationpic/88_std2.jpg,std2
/content/drive/MyDrive/setOfdata/augumentationpic/59_std9.jpg,std9
/content/drive/MyDrive/setOfdata/augumentationpic/78_stud8.png,stud8
/content/drive/MyDrive/setOfdata/augumentationpic/68_std1.jpg,std1
/content/drive/MyDrive/setOfdata/augumentationpic/53_std8.jpg,std8
/content/drive/MyDrive/setOfdata/augumentationpic/65_stud5.png,stud5
/content/drive/MyDrive/setOfdata/augumentationpic/59_stud2.png,stud2
/content/drive/MyDrive/setOfdata/augumentationpic/52_std8.jpg,std8
/content/drive/MyDrive/setOfdata/augumentationpic/69_stud8.png,stud8
/content/drive/MyDrive/setOfdata/augumentationpic/15_stud1.jpg,stud1
/content/drive/MyDrive/setOfdata/augumentationpic/10_stud4.jpg,stud4
/content/drive/MyDrive/setOfdata/augumentationpic/63_stud4.jpg,stud4
/content/drive/MyDrive/setOfdata/augumentationpic/44_stud5.png,stud5
/content/drive/MyDrive/setOfdata/augumentationpic/34_std1.jpg,std1
/content/drive/MyDrive/setOfdata/augumentationpic/85_stud9.png,stud9
/content/drive/MyDrive/setOfdata/augumentationpic/72_std2.jpg,std2
/content/drive/MyDrive/setOfdata/augumentationpic/36_stud8.png,stud8
/content/drive/MyDrive/setOfdata/augumentationpic/31_stud9.png,stud9
/content/drive/MyDrive/setOfdata/augumentationpic/52_stud4.jpg,stud4
/content/drive/MyDrive/setOfdata/augumentationpic/99_std9.jpg,std9
/content/drive/MyDrive/setOfdata/augumentationpic/53_stud1.jpg,stud1
/content/drive/MyDrive/setOfdata/augumentationpic/24_stud9.png,stud9
/content/drive/MyDrive/setOfdata/augumentationpic/2_stud4.jpg,stud4
/content/drive/MyDrive/setOfdata/augumentationpic/45_std5.jpg,std5
/content/drive/MyDrive/setOfdata/augumentationpic/37_stud9.png,stud9
/content/drive/MyDrive/setOfdata/augumentationpic/72_std9.jpg,std9
/content/drive/MyDrive/setOfdata/augumentationpic/64_std9.jpg,std9
/content/drive/MyDrive/setOfdata/augumentationpic/35_stud4.jpg,stud4
/content/drive/MyDrive/setOfdata/augumentationpic/20_stud5.png,stud5
/content/drive/MyDrive/setOfdata/augumentationpic/87_stud3.jpg,stud3
/content/drive/MyDrive/setOfdata/augumentationpic/68_std9.jpg,std9
/content/drive/MyDrive/setOfdata/augumentationpic/37_std9.jpg,std9
/content/drive/MyDrive/setOfdata/augumentationpic/54_std2.jpg,std2
/content/drive/MyDrive/setOfdata/augumentationpic/95_std1.jpg,std1
/content/drive/MyDrive/setOfdata/augumentationpic/92_stud8.png,stud8
/content/drive/MyDrive/setOfdata/augumentationpic/93_std8.jpg,std8
/content/drive/MyDrive/setOfdata/augumentationpic/6_stud1.jpg,stud1
/content/drive/MyDrive/setOfdata/augumentationpic/5_std2.jpg,std2
/content/drive/MyDrive/setOfdata/augumentationpic/80_std8.jpg,std8
/content/drive/MyDrive/setOfdata/augumentationpic/60_std9.jpg,std9
/content/drive/MyDrive/setOfdata/augumentationpic/67_std5.jpg,std5
/content/drive/MyDrive/setOfdata/augumentationpic/77_stud5.png,stud5
/content/drive/MyDrive/setOfdata/augumentationpic/24_stud2.png,stud2
/content/drive/MyDrive/setOfdata/augumentationpic/66_stud2.png,stud2
/content/drive/MyDrive/setOfdata/augumentationpic/7_stud5.png,stud5
/content/drive/MyDrive/setOfdata/augumentationpic/82_std2.jpg,std2
/content/drive/MyDrive/setOfdata/augumentationpic/24_stud1.jpg,stud1
/content/drive/MyDrive/setOfdata/augumentationpic/48_stud2.png,stud2
/content/drive/MyDrive/setOfdata/augumentationpic/60_stud8.png,stud8
/content/drive/MyDrive/setOfdata/augumentationpic/92_std1.jpg,std1
/content/drive/MyDrive/setOfdata/augumentationpic/91_stud8.png,stud8
/content/drive/MyDrive/setOfdata/augumentationpic/82_stud4.jpg,stud4
/content/drive/MyDrive/setOfdata/augumentationpic/95_stud2.png,stud2
/content/drive/MyDrive/setOfdata/augumentationpic/38_std5.jpg,std5
/content/drive/MyDrive/setOfdata/augumentationpic/73_std2.jpg,std2
/content/drive/MyDrive/setOfdata/augumentationpic/16_stud2.png,stud2
/content/drive/MyDrive/setOfdata/augumentationpic/53_std2.jpg,std2
/content/drive/MyDrive/setOfdata/augumentationpic/72_stud8.png,stud8
/content/drive/MyDrive/setOfdata/augumentationpic/23_std1.jpg,std1
/content/drive/MyDrive/setOfdata/augumentationpic/88_std1.jpg,std1
/content/drive/MyDrive/setOfdata/augumentationpic/14_stud2.png,stud2
/content/drive/MyDrive/setOfdata/augumentationpic/82_std9.jpg,std9
/content/drive/MyDrive/setOfdata/augumentationpic/99_std1.jpg,std1
/content/drive/MyDrive/setOfdata/augumentationpic/43_stud8.png,stud8
/content/drive/MyDrive/setOfdata/augumentationpic/48_stud8.png,stud8
/content/drive/MyDrive/setOfdata/augumentationpic/19_stud1.jpg,stud1
/content/drive/MyDrive/setOfdata/augumentationpic/91_stud3.jpg,stud3
/content/drive/MyDrive/setOfdata/augumentationpic/91_std9.jpg,std9
/content/drive/MyDrive/setOfdata/augumentationpic/48_stud4.jpg,stud4
/content/drive/MyDrive/setOfdata/augumentationpic/18_stud8.png,stud8
/content/drive/MyDrive/setOfdata/augumentationpic/93_std2.jpg,std2
/content/drive/MyDrive/setOfdata/augumentationpic/3_std9.jpg,std9
/content/drive/MyDrive/setOfdata/augumentationpic/78_std5.jpg,std5
/content/drive/MyDrive/setOfdata/augumentationpic/96_stud1.jpg,stud1
/content/drive/MyDrive/setOfdata/augumentationpic/12_stud5.png,stud5
/content/drive/MyDrive/setOfdata/augumentationpic/37_stud2.png,stud2
/content/drive/MyDrive/setOfdata/augumentationpic/20_std2.jpg,std2
/content/drive/MyDrive/setOfdata/augumentationpic/85_std2.jpg,std2
/content/drive/MyDrive/setOfdata/augumentationpic/41_std2.jpg,std2
/content/drive/MyDrive/setOfdata/augumentationpic/89_stud2.png,stud2
/content/drive/MyDrive/setOfdata/augumentationpic/76_stud4.jpg,stud4
/content/drive/MyDrive/setOfdata/augumentationpic/67_stud4.jpg,stud4
/content/drive/MyDrive/setOfdata/augumentationpic/20_stud8.png,stud8
/content/drive/MyDrive/setOfdata/augumentationpic/95_stud5.png,stud5
/content/drive/MyDrive/setOfdata/augumentationpic/56_stud4.jpg,stud4
/content/drive/MyDrive/setOfdata/augumentationpic/10_std9.jpg,std9
/content/drive/MyDrive/setOfdata/augumentationpic/58_stud3.jpg,stud3
/content/drive/MyDrive/setOfdata/augumentationpic/90_std8.jpg,std8
/content/drive/MyDrive/setOfdata/augumentationpic/50_stud4.jpg,stud4
/content/drive/MyDrive/setOfdata/augumentationpic/88_std9.jpg,std9
/content/drive/MyDrive/setOfdata/augumentationpic/76_stud1.jpg,stud1
/content/drive/MyDrive/setOfdata/augumentationpic/28_std2.jpg,std2
/content/drive/MyDrive/setOfdata/augumentationpic/17_std8.jpg,std8
/content/drive/MyDrive/setOfdata/augumentationpic/79_std8.jpg,std8
/content/drive/MyDrive/setOfdata/augumentationpic/61_stud4.jpg,stud4
/content/drive/MyDrive/setOfdata/augumentationpic/77_stud2.png,stud2
/content/drive/MyDrive/setOfdata/augumentationpic/62_stud5.png,stud5
/content/drive/MyDrive/setOfdata/augumentationpic/91_stud2.png,stud2
/content/drive/MyDrive/setOfdata/augumentationpic/25_std1.jpg,std1
/content/drive/MyDrive/setOfdata/augumentationpic/79_std9.jpg,std9
/content/drive/MyDrive/setOfdata/augumentationpic/87_stud4.jpg,stud4
/content/drive/MyDrive/setOfdata/augumentationpic/13_std2.jpg,std2
/content/drive/MyDrive/setOfdata/augumentationpic/31_stud3.jpg,stud3
/content/drive/MyDrive/setOfdata/augumentationpic/58_std2.jpg,std2
/content/drive/MyDrive/setOfdata/augumentationpic/11_stud2.png,stud2
/content/drive/MyDrive/setOfdata/augumentationpic/1_std5.jpg,std5
/content/drive/MyDrive/setOfdata/augumentationpic/41_stud5.png,stud5
/content/drive/MyDrive/setOfdata/augumentationpic/62_std2.jpg,std2
/content/drive/MyDrive/setOfdata/augumentationpic/1_stud4.jpg,stud4
/content/drive/MyDrive/setOfdata/augumentationpic/3_std1.jpg,std1
/content/drive/MyDrive/setOfdata/augumentationpic/68_std8.jpg,std8
/content/drive/MyDrive/setOfdata/augumentationpic/69_std5.jpg,std5
/content/drive/MyDrive/setOfdata/augumentationpic/13_stud9.png,stud9
/content/drive/MyDrive/setOfdata/augumentationpic/42_std2.jpg,std2
/content/drive/MyDrive/setOfdata/augumentationpic/28_stud3.jpg,stud3
/content/drive/MyDrive/setOfdata/augumentationpic/32_std1.jpg,std1
/content/drive/MyDrive/setOfdata/augumentationpic/79_stud5.png,stud5
/content/drive/MyDrive/setOfdata/augumentationpic/51_stud5.png,stud5
/content/drive/MyDrive/setOfdata/augumentationpic/42_stud4.jpg,stud4
/content/drive/MyDrive/setOfdata/augumentationpic/81_stud9.png,stud9
/content/drive/MyDrive/setOfdata/augumentationpic/0_stud2.png,stud2
/content/drive/MyDrive/setOfdata/augumentationpic/19_stud8.png,stud8
/content/drive/MyDrive/setOfdata/augumentationpic/75_std9.jpg,std9
/content/drive/MyDrive/setOfdata/augumentationpic/89_std8.jpg,std8
/content/drive/MyDrive/setOfdata/augumentationpic/92_stud3.jpg,stud3
/content/drive/MyDrive/setOfdata/augumentationpic/29_stud8.png,stud8
/content/drive/MyDrive/setOfdata/augumentationpic/72_stud1.jpg,stud1
/content/drive/MyDrive/setOfdata/augumentationpic/21_stud2.png,stud2
/content/drive/MyDrive/setOfdata/augumentationpic/93_stud5.png,stud5
/content/drive/MyDrive/setOfdata/augumentationpic/42_std9.jpg,std9
/content/drive/MyDrive/setOfdata/augumentationpic/18_stud3.jpg,stud3
/content/drive/MyDrive/setOfdata/augumentationpic/21_stud5.png,stud5
/content/drive/MyDrive/setOfdata/augumentationpic/74_std2.jpg,std2
/content/drive/MyDrive/setOfdata/augumentationpic/89_stud5.png,stud5
/content/drive/MyDrive/setOfdata/augumentationpic/47_stud5.png,stud5
/content/drive/MyDrive/setOfdata/augumentationpic/69_stud2.png,stud2
/content/drive/MyDrive/setOfdata/augumentationpic/81_stud3.jpg,stud3
/content/drive/MyDrive/setOfdata/augumentationpic/80_stud9.png,stud9
/content/drive/MyDrive/setOfdata/augumentationpic/72_std5.jpg,std5
/content/drive/MyDrive/setOfdata/augumentationpic/99_stud2.png,stud2
/content/drive/MyDrive/setOfdata/augumentationpic/26_std2.jpg,std2
/content/drive/MyDrive/setOfdata/augumentationpic/18_stud4.jpg,stud4
/content/drive/MyDrive/setOfdata/augumentationpic/35_std8.jpg,std8
/content/drive/MyDrive/setOfdata/augumentationpic/71_std5.jpg,std5
/content/drive/MyDrive/setOfdata/augumentationpic/29_std9.jpg,std9
/content/drive/MyDrive/setOfdata/augumentationpic/68_std2.jpg,std2
/content/drive/MyDrive/setOfdata/augumentationpic/81_std9.jpg,std9
/content/drive/MyDrive/setOfdata/augumentationpic/14_std2.jpg,std2
/content/drive/MyDrive/setOfdata/augumentationpic/66_std8.jpg,std8
/content/drive/MyDrive/setOfdata/augumentationpic/45_stud2.png,stud2
/content/drive/MyDrive/setOfdata/augumentationpic/48_std1.jpg,std1
/content/drive/MyDrive/setOfdata/augumentationpic/30_stud1.jpg,stud1
/content/drive/MyDrive/setOfdata/augumentationpic/70_stud3.jpg,stud3
/content/drive/MyDrive/setOfdata/augumentationpic/26_std1.jpg,std1
/content/drive/MyDrive/setOfdata/augumentationpic/93_stud4.jpg,stud4
/content/drive/MyDrive/setOfdata/augumentationpic/25_stud8.png,stud8
/content/drive/MyDrive/setOfdata/augumentationpic/13_std5.jpg,std5
/content/drive/MyDrive/setOfdata/augumentationpic/58_std9.jpg,std9
/content/drive/MyDrive/setOfdata/augumentationpic/51_std9.jpg,std9
/content/drive/MyDrive/setOfdata/augumentationpic/71_std9.jpg,std9
/content/drive/MyDrive/setOfdata/augumentationpic/96_stud5.png,stud5
/content/drive/MyDrive/setOfdata/augumentationpic/63_std8.jpg,std8
/content/drive/MyDrive/setOfdata/augumentationpic/69_stud1.jpg,stud1
/content/drive/MyDrive/setOfdata/augumentationpic/11_std8.jpg,std8
/content/drive/MyDrive/setOfdata/augumentationpic/21_stud9.png,stud9
/content/drive/MyDrive/setOfdata/augumentationpic/22_stud2.png,stud2
/content/drive/MyDrive/setOfdata/augumentationpic/97_std1.jpg,std1
/content/drive/MyDrive/setOfdata/augumentationpic/60_stud3.jpg,stud3
/content/drive/MyDrive/setOfdata/augumentationpic/75_stud8.png,stud8
/content/drive/MyDrive/setOfdata/augumentationpic/43_stud1.jpg,stud1
/content/drive/MyDrive/setOfdata/augumentationpic/22_std9.jpg,std9
/content/drive/MyDrive/setOfdata/augumentationpic/32_stud9.png,stud9
/content/drive/MyDrive/setOfdata/augumentationpic/52_std9.jpg,std9
/content/drive/MyDrive/setOfdata/augumentationpic/8_stud8.png,stud8
/content/drive/MyDrive/setOfdata/augumentationpic/21_std2.jpg,std2
/content/drive/MyDrive/setOfdata/augumentationpic/35_std9.jpg,std9
/content/drive/MyDrive/setOfdata/augumentationpic/35_std5.jpg,std5
/content/drive/MyDrive/setOfdata/augumentationpic/56_stud3.jpg,stud3
/content/drive/MyDrive/setOfdata/augumentationpic/40_stud8.png,stud8
/content/drive/MyDrive/setOfdata/augumentationpic/6_stud3.jpg,stud3
/content/drive/MyDrive/setOfdata/augumentationpic/12_stud1.jpg,stud1
/content/drive/MyDrive/setOfdata/augumentationpic/3_stud1.jpg,stud1
/content/drive/MyDrive/setOfdata/augumentationpic/4_stud2.png,stud2
/content/drive/MyDrive/setOfdata/augumentationpic/80_std1.jpg,std1
/content/drive/MyDrive/setOfdata/augumentationpic/53_stud2.png,stud2
/content/drive/MyDrive/setOfdata/augumentationpic/54_stud2.png,stud2
/content/drive/MyDrive/setOfdata/augumentationpic/81_stud1.jpg,stud1
/content/drive/MyDrive/setOfdata/augumentationpic/83_stud3.jpg,stud3
/content/drive/MyDrive/setOfdata/augumentationpic/2_stud3.jpg,stud3
/content/drive/MyDrive/setOfdata/augumentationpic/58_std8.jpg,std8
/content/drive/MyDrive/setOfdata/augumentationpic/64_stud3.jpg,stud3
/content/drive/MyDrive/setOfdata/augumentationpic/20_stud4.jpg,stud4
/content/drive/MyDrive/setOfdata/augumentationpic/74_stud1.jpg,stud1
/content/drive/MyDrive/setOfdata/augumentationpic/51_std1.jpg,std1
/content/drive/MyDrive/setOfdata/augumentationpic/99_stud5.png,stud5
/content/drive/MyDrive/setOfdata/augumentationpic/73_std8.jpg,std8
/content/drive/MyDrive/setOfdata/augumentationpic/4_std8.jpg,std8
/content/drive/MyDrive/setOfdata/augumentationpic/84_stud1.jpg,stud1
/content/drive/MyDrive/setOfdata/augumentationpic/36_stud4.jpg,stud4
/content/drive/MyDrive/setOfdata/augumentationpic/87_stud9.png,stud9
/content/drive/MyDrive/setOfdata/augumentationpic/34_stud9.png,stud9
/content/drive/MyDrive/setOfdata/augumentationpic/11_stud4.jpg,stud4
/content/drive/MyDrive/setOfdata/augumentationpic/66_stud5.png,stud5
/content/drive/MyDrive/setOfdata/augumentationpic/6_stud5.png,stud5
/content/drive/MyDrive/setOfdata/augumentationpic/13_std8.jpg,std8
/content/drive/MyDrive/setOfdata/augumentationpic/73_stud9.png,stud9
/content/drive/MyDrive/setOfdata/augumentationpic/61_stud5.png,stud5
/content/drive/MyDrive/setOfdata/augumentationpic/49_stud4.jpg,stud4
/content/drive/MyDrive/setOfdata/augumentationpic/49_stud9.png,stud9
/content/drive/MyDrive/setOfdata/augumentationpic/32_std5.jpg,std5
/content/drive/MyDrive/setOfdata/augumentationpic/75_std5.jpg,std5
/content/drive/MyDrive/setOfdata/augumentationpic/66_std2.jpg,std2
/content/drive/MyDrive/setOfdata/augumentationpic/94_stud2.png,stud2
/content/drive/MyDrive/setOfdata/augumentationpic/91_std2.jpg,std2
/content/drive/MyDrive/setOfdata/augumentationpic/32_stud8.png,stud8
/content/drive/MyDrive/setOfdata/augumentationpic/85_stud5.png,stud5
/content/drive/MyDrive/setOfdata/augumentationpic/89_stud8.png,stud8
/content/drive/MyDrive/setOfdata/augumentationpic/49_std5.jpg,std5
/content/drive/MyDrive/setOfdata/augumentationpic/38_std8.jpg,std8
/content/drive/MyDrive/setOfdata/augumentationpic/65_stud3.jpg,stud3
/content/drive/MyDrive/setOfdata/augumentationpic/41_stud1.jpg,stud1
/content/drive/MyDrive/setOfdata/augumentationpic/36_stud1.jpg,stud1
/content/drive/MyDrive/setOfdata/augumentationpic/98_std8.jpg,std8
/content/drive/MyDrive/setOfdata/augumentationpic/46_stud9.png,stud9
/content/drive/MyDrive/setOfdata/augumentationpic/59_stud3.jpg,stud3
/content/drive/MyDrive/setOfdata/augumentationpic/41_std5.jpg,std5
/content/drive/MyDrive/setOfdata/augumentationpic/64_std2.jpg,std2
/content/drive/MyDrive/setOfdata/augumentationpic/34_stud8.png,stud8
/content/drive/MyDrive/setOfdata/augumentationpic/99_std5.jpg,std5
/content/drive/MyDrive/setOfdata/augumentationpic/53_std1.jpg,std1
/content/drive/MyDrive/setOfdata/augumentationpic/94_std9.jpg,std9
/content/drive/MyDrive/setOfdata/augumentationpic/70_std2.jpg,std2
/content/drive/MyDrive/setOfdata/augumentationpic/28_std8.jpg,std8
/content/drive/MyDrive/setOfdata/augumentationpic/81_std1.jpg,std1
/content/drive/MyDrive/setOfdata/augumentationpic/9_stud8.png,stud8
/content/drive/MyDrive/setOfdata/augumentationpic/24_std5.jpg,std5
/content/drive/MyDrive/setOfdata/augumentationpic/42_std8.jpg,std8
/content/drive/MyDrive/setOfdata/augumentationpic/27_stud9.png,stud9
/content/drive/MyDrive/setOfdata/augumentationpic/21_std5.jpg,std5
/content/drive/MyDrive/setOfdata/augumentationpic/26_std8.jpg,std8
/content/drive/MyDrive/setOfdata/augumentationpic/56_std8.jpg,std8
/content/drive/MyDrive/setOfdata/augumentationpic/39_std9.jpg,std9
/content/drive/MyDrive/setOfdata/augumentationpic/54_stud5.png,stud5
/content/drive/MyDrive/setOfdata/augumentationpic/16_std8.jpg,std8
/content/drive/MyDrive/setOfdata/augumentationpic/30_stud8.png,stud8
/content/drive/MyDrive/setOfdata/augumentationpic/97_stud3.jpg,stud3
/content/drive/MyDrive/setOfdata/augumentationpic/9_std5.jpg,std5
/content/drive/MyDrive/setOfdata/augumentationpic/13_stud8.png,stud8
/content/drive/MyDrive/setOfdata/augumentationpic/78_std1.jpg,std1
/content/drive/MyDrive/setOfdata/augumentationpic/63_std9.jpg,std9
/content/drive/MyDrive/setOfdata/augumentationpic/36_stud2.png,stud2
/content/drive/MyDrive/setOfdata/augumentationpic/84_std5.jpg,std5
/content/drive/MyDrive/setOfdata/augumentationpic/44_stud8.png,stud8
/content/drive/MyDrive/setOfdata/augumentationpic/94_stud9.png,stud9
/content/drive/MyDrive/setOfdata/augumentationpic/28_stud9.png,stud9
/content/drive/MyDrive/setOfdata/augumentationpic/73_stud8.png,stud8
/content/drive/MyDrive/setOfdata/augumentationpic/37_stud8.png,stud8
/content/drive/MyDrive/setOfdata/augumentationpic/69_stud9.png,stud9
/content/drive/MyDrive/setOfdata/augumentationpic/12_stud3.jpg,stud3
/content/drive/MyDrive/setOfdata/augumentationpic/36_stud9.png,stud9
/content/drive/MyDrive/setOfdata/augumentationpic/90_std5.jpg,std5
/content/drive/MyDrive/setOfdata/augumentationpic/60_stud2.png,stud2
/content/drive/MyDrive/setOfdata/augumentationpic/50_stud1.jpg,stud1
/content/drive/MyDrive/setOfdata/augumentationpic/69_stud5.png,stud5
/content/drive/MyDrive/setOfdata/augumentationpic/98_stud4.jpg,stud4
/content/drive/MyDrive/setOfdata/augumentationpic/61_stud9.png,stud9
/content/drive/MyDrive/setOfdata/augumentationpic/66_stud1.jpg,stud1
/content/drive/MyDrive/setOfdata/augumentationpic/54_stud3.jpg,stud3
/content/drive/MyDrive/setOfdata/augumentationpic/53_stud5.png,stud5
/content/drive/MyDrive/setOfdata/augumentationpic/4_std2.jpg,std2
/content/drive/MyDrive/setOfdata/augumentationpic/0_std9.jpg,std9
/content/drive/MyDrive/setOfdata/augumentationpic/44_std5.jpg,std5
/content/drive/MyDrive/setOfdata/augumentationpic/21_stud1.jpg,stud1
/content/drive/MyDrive/setOfdata/augumentationpic/43_stud2.png,stud2
/content/drive/MyDrive/setOfdata/augumentationpic/43_std2.jpg,std2
/content/drive/MyDrive/setOfdata/augumentationpic/30_stud4.jpg,stud4
/content/drive/MyDrive/setOfdata/augumentationpic/53_std9.jpg,std9
/content/drive/MyDrive/setOfdata/augumentationpic/45_stud3.jpg,stud3
/content/drive/MyDrive/setOfdata/augumentationpic/61_std9.jpg,std9
/content/drive/MyDrive/setOfdata/augumentationpic/41_std1.jpg,std1
/content/drive/MyDrive/setOfdata/augumentationpic/22_stud1.jpg,stud1
/content/drive/MyDrive/setOfdata/augumentationpic/70_stud2.png,stud2
/content/drive/MyDrive/setOfdata/augumentationpic/57_stud3.jpg,stud3
/content/drive/MyDrive/setOfdata/augumentationpic/59_stud8.png,stud8
/content/drive/MyDrive/setOfdata/augumentationpic/47_stud1.jpg,stud1
/content/drive/MyDrive/setOfdata/augumentationpic/56_stud8.png,stud8
/content/drive/MyDrive/setOfdata/augumentationpic/30_std9.jpg,std9
/content/drive/MyDrive/setOfdata/augumentationpic/35_stud9.png,stud9
/content/drive/MyDrive/setOfdata/augumentationpic/7_stud3.jpg,stud3
/content/drive/MyDrive/setOfdata/augumentationpic/52_std5.jpg,std5
/content/drive/MyDrive/setOfdata/augumentationpic/41_stud9.png,stud9
/content/drive/MyDrive/setOfdata/augumentationpic/14_std5.jpg,std5
/content/drive/MyDrive/setOfdata/augumentationpic/1_std2.jpg,std2
/content/drive/MyDrive/setOfdata/augumentationpic/67_stud9.png,stud9
/content/drive/MyDrive/setOfdata/augumentationpic/36_std1.jpg,std1
/content/drive/MyDrive/setOfdata/augumentationpic/86_stud5.png,stud5
/content/drive/MyDrive/setOfdata/augumentationpic/60_stud5.png,stud5
/content/drive/MyDrive/setOfdata/augumentationpic/97_std2.jpg,std2
/content/drive/MyDrive/setOfdata/augumentationpic/28_stud8.png,stud8
/content/drive/MyDrive/setOfdata/augumentationpic/81_std2.jpg,std2
/content/drive/MyDrive/setOfdata/augumentationpic/52_stud1.jpg,stud1
/content/drive/MyDrive/setOfdata/augumentationpic/46_std1.jpg,std1
/content/drive/MyDrive/setOfdata/augumentationpic/62_std9.jpg,std9
/content/drive/MyDrive/setOfdata/augumentationpic/50_stud9.png,stud9
/content/drive/MyDrive/setOfdata/augumentationpic/84_stud5.png,stud5
/content/drive/MyDrive/setOfdata/augumentationpic/36_std8.jpg,std8
/content/drive/MyDrive/setOfdata/augumentationpic/54_std5.jpg,std5
/content/drive/MyDrive/setOfdata/augumentationpic/0_stud5.png,stud5
/content/drive/MyDrive/setOfdata/augumentationpic/29_stud9.png,stud9
/content/drive/MyDrive/setOfdata/augumentationpic/69_stud3.jpg,stud3
/content/drive/MyDrive/setOfdata/augumentationpic/19_std9.jpg,std9
/content/drive/MyDrive/setOfdata/augumentationpic/45_std1.jpg,std1
/content/drive/MyDrive/setOfdata/augumentationpic/62_stud8.png,stud8
/content/drive/MyDrive/setOfdata/augumentationpic/49_std8.jpg,std8
/content/drive/MyDrive/setOfdata/augumentationpic/90_stud1.jpg,stud1
/content/drive/MyDrive/setOfdata/augumentationpic/36_std9.jpg,std9
/content/drive/MyDrive/setOfdata/augumentationpic/17_stud8.png,stud8
/content/drive/MyDrive/setOfdata/augumentationpic/21_std9.jpg,std9
/content/drive/MyDrive/setOfdata/augumentationpic/30_stud2.png,stud2
/content/drive/MyDrive/setOfdata/augumentationpic/20_std9.jpg,std9
/content/drive/MyDrive/setOfdata/augumentationpic/96_stud2.png,stud2
/content/drive/MyDrive/setOfdata/augumentationpic/29_std2.jpg,std2
/content/drive/MyDrive/setOfdata/augumentationpic/2_stud5.png,stud5
/content/drive/MyDrive/setOfdata/augumentationpic/17_stud3.jpg,stud3
/content/drive/MyDrive/setOfdata/augumentationpic/87_stud1.jpg,stud1
/content/drive/MyDrive/setOfdata/augumentationpic/65_std8.jpg,std8
/content/drive/MyDrive/setOfdata/augumentationpic/23_stud1.jpg,stud1
/content/drive/MyDrive/setOfdata/augumentationpic/7_std5.jpg,std5
/content/drive/MyDrive/setOfdata/augumentationpic/76_stud8.png,stud8
/content/drive/MyDrive/setOfdata/augumentationpic/59_std1.jpg,std1
/content/drive/MyDrive/setOfdata/augumentationpic/68_std5.jpg,std5
/content/drive/MyDrive/setOfdata/augumentationpic/5_std8.jpg,std8
/content/drive/MyDrive/setOfdata/augumentationpic/25_std5.jpg,std5
/content/drive/MyDrive/setOfdata/augumentationpic/33_stud3.jpg,stud3
/content/drive/MyDrive/setOfdata/augumentationpic/82_stud1.jpg,stud1
/content/drive/MyDrive/setOfdata/augumentationpic/19_std1.jpg,std1
/content/drive/MyDrive/setOfdata/augumentationpic/32_stud2.png,stud2
/content/drive/MyDrive/setOfdata/augumentationpic/80_stud1.jpg,stud1
/content/drive/MyDrive/setOfdata/augumentationpic/11_stud9.png,stud9
/content/drive/MyDrive/setOfdata/augumentationpic/22_std1.jpg,std1
/content/drive/MyDrive/setOfdata/augumentationpic/21_stud8.png,stud8
/content/drive/MyDrive/setOfdata/augumentationpic/68_stud3.jpg,stud3
/content/drive/MyDrive/setOfdata/augumentationpic/63_stud8.png,stud8
/content/drive/MyDrive/setOfdata/augumentationpic/70_std9.jpg,std9
/content/drive/MyDrive/setOfdata/augumentationpic/15_stud3.jpg,stud3
/content/drive/MyDrive/setOfdata/augumentationpic/52_stud8.png,stud8
/content/drive/MyDrive/setOfdata/augumentationpic/55_std5.jpg,std5
/content/drive/MyDrive/setOfdata/augumentationpic/17_std1.jpg,std1
/content/drive/MyDrive/setOfdata/augumentationpic/40_std1.jpg,std1
/content/drive/MyDrive/setOfdata/augumentationpic/52_stud3.jpg,stud3
/content/drive/MyDrive/setOfdata/augumentationpic/49_stud2.png,stud2
/content/drive/MyDrive/setOfdata/augumentationpic/8_std5.jpg,std5
/content/drive/MyDrive/setOfdata/augumentationpic/88_stud3.jpg,stud3
/content/drive/MyDrive/setOfdata/augumentationpic/36_std2.jpg,std2
/content/drive/MyDrive/setOfdata/augumentationpic/97_stud1.jpg,stud1
/content/drive/MyDrive/setOfdata/augumentationpic/73_stud5.png,stud5
/content/drive/MyDrive/setOfdata/augumentationpic/25_stud3.jpg,stud3
/content/drive/MyDrive/setOfdata/augumentationpic/30_std1.jpg,std1
/content/drive/MyDrive/setOfdata/augumentationpic/6_std8.jpg,std8
/content/drive/MyDrive/setOfdata/augumentationpic/83_stud4.jpg,stud4
/content/drive/MyDrive/setOfdata/augumentationpic/28_stud4.jpg,stud4
/content/drive/MyDrive/setOfdata/augumentationpic/42_stud5.png,stud5
/content/drive/MyDrive/setOfdata/augumentationpic/96_stud9.png,stud9
/content/drive/MyDrive/setOfdata/augumentationpic/97_stud9.png,stud9
/content/drive/MyDrive/setOfdata/augumentationpic/15_std2.jpg,std2
/content/drive/MyDrive/setOfdata/augumentationpic/63_std5.jpg,std5
/content/drive/MyDrive/setOfdata/augumentationpic/20_stud2.png,stud2
/content/drive/MyDrive/setOfdata/augumentationpic/30_std5.jpg,std5
/content/drive/MyDrive/setOfdata/augumentationpic/80_std9.jpg,std9
/content/drive/MyDrive/setOfdata/augumentationpic/89_std1.jpg,std1
/content/drive/MyDrive/setOfdata/augumentationpic/65_stud1.jpg,stud1
/content/drive/MyDrive/setOfdata/augumentationpic/47_std1.jpg,std1
/content/drive/MyDrive/setOfdata/augumentationpic/66_stud4.jpg,stud4
/content/drive/MyDrive/setOfdata/augumentationpic/16_stud5.png,stud5
/content/drive/MyDrive/setOfdata/augumentationpic/39_stud4.jpg,stud4
/content/drive/MyDrive/setOfdata/augumentationpic/79_std5.jpg,std5
/content/drive/MyDrive/setOfdata/augumentationpic/33_stud8.png,stud8
/content/drive/MyDrive/setOfdata/augumentationpic/47_stud2.png,stud2
/content/drive/MyDrive/setOfdata/augumentationpic/54_stud9.png,stud9
/content/drive/MyDrive/setOfdata/augumentationpic/34_stud1.jpg,stud1
/content/drive/MyDrive/setOfdata/augumentationpic/81_stud4.jpg,stud4
/content/drive/MyDrive/setOfdata/augumentationpic/25_stud1.jpg,stud1
/content/drive/MyDrive/setOfdata/augumentationpic/33_stud9.png,stud9
/content/drive/MyDrive/setOfdata/augumentationpic/20_stud9.png,stud9
/content/drive/MyDrive/setOfdata/augumentationpic/49_std2.jpg,std2
/content/drive/MyDrive/setOfdata/augumentationpic/29_stud4.jpg,stud4
/content/drive/MyDrive/setOfdata/augumentationpic/17_stud4.jpg,stud4
/content/drive/MyDrive/setOfdata/augumentationpic/21_stud3.jpg,stud3
/content/drive/MyDrive/setOfdata/augumentationpic/34_std2.jpg,std2
/content/drive/MyDrive/setOfdata/augumentationpic/43_stud3.jpg,stud3
/content/drive/MyDrive/setOfdata/augumentationpic/55_stud2.png,stud2
/content/drive/MyDrive/setOfdata/augumentationpic/71_stud2.png,stud2
/content/drive/MyDrive/setOfdata/augumentationpic/29_stud2.png,stud2
/content/drive/MyDrive/setOfdata/augumentationpic/70_std8.jpg,std8
/content/drive/MyDrive/setOfdata/augumentationpic/53_stud4.jpg,stud4
/content/drive/MyDrive/setOfdata/augumentationpic/94_stud1.jpg,stud1
/content/drive/MyDrive/setOfdata/augumentationpic/46_std8.jpg,std8
/content/drive/MyDrive/setOfdata/augumentationpic/83_std9.jpg,std9
/content/drive/MyDrive/setOfdata/augumentationpic/98_stud1.jpg,stud1
/content/drive/MyDrive/setOfdata/augumentationpic/82_stud2.png,stud2
/content/drive/MyDrive/setOfdata/augumentationpic/87_stud8.png,stud8
/content/drive/MyDrive/setOfdata/augumentationpic/24_std2.jpg,std2
/content/drive/MyDrive/setOfdata/augumentationpic/72_std8.jpg,std8
/content/drive/MyDrive/setOfdata/augumentationpic/2_stud8.png,stud8
/content/drive/MyDrive/setOfdata/augumentationpic/57_std5.jpg,std5
/content/drive/MyDrive/setOfdata/augumentationpic/65_std1.jpg,std1
/content/drive/MyDrive/setOfdata/augumentationpic/96_std8.jpg,std8
/content/drive/MyDrive/setOfdata/augumentationpic/93_std1.jpg,std1
/content/drive/MyDrive/setOfdata/augumentationpic/1_std9.jpg,std9
/content/drive/MyDrive/setOfdata/augumentationpic/14_std1.jpg,std1
/content/drive/MyDrive/setOfdata/augumentationpic/60_std2.jpg,std2
/content/drive/MyDrive/setOfdata/augumentationpic/26_stud2.png,stud2
/content/drive/MyDrive/setOfdata/augumentationpic/74_stud4.jpg,stud4
/content/drive/MyDrive/setOfdata/augumentationpic/98_stud5.png,stud5
/content/drive/MyDrive/setOfdata/augumentationpic/29_std1.jpg,std1
/content/drive/MyDrive/setOfdata/augumentationpic/7_stud4.jpg,stud4
/content/drive/MyDrive/setOfdata/augumentationpic/79_stud9.png,stud9
/content/drive/MyDrive/setOfdata/augumentationpic/24_std1.jpg,std1
/content/drive/MyDrive/setOfdata/augumentationpic/86_std9.jpg,std9
/content/drive/MyDrive/setOfdata/augumentationpic/10_std1.jpg,std1
/content/drive/MyDrive/setOfdata/augumentationpic/57_std2.jpg,std2
/content/drive/MyDrive/setOfdata/augumentationpic/88_std5.jpg,std5
/content/drive/MyDrive/setOfdata/augumentationpic/11_stud3.jpg,stud3
/content/drive/MyDrive/setOfdata/augumentationpic/55_stud1.jpg,stud1
/content/drive/MyDrive/setOfdata/augumentationpic/8_stud2.png,stud2
/content/drive/MyDrive/setOfdata/augumentationpic/21_std8.jpg,std8
/content/drive/MyDrive/setOfdata/augumentationpic/79_std2.jpg,std2
/content/drive/MyDrive/setOfdata/augumentationpic/74_stud5.png,stud5
/content/drive/MyDrive/setOfdata/augumentationpic/94_stud4.jpg,stud4
/content/drive/MyDrive/setOfdata/augumentationpic/47_std5.jpg,std5
/content/drive/MyDrive/setOfdata/augumentationpic/26_stud4.jpg,stud4
/content/drive/MyDrive/setOfdata/augumentationpic/46_stud1.jpg,stud1
/content/drive/MyDrive/setOfdata/augumentationpic/17_stud9.png,stud9
/content/drive/MyDrive/setOfdata/augumentationpic/64_stud1.jpg,stud1
/content/drive/MyDrive/setOfdata/augumentationpic/67_std1.jpg,std1
/content/drive/MyDrive/setOfdata/augumentationpic/51_stud1.jpg,stud1
/content/drive/MyDrive/setOfdata/augumentationpic/49_std9.jpg,std9
/content/drive/MyDrive/setOfdata/augumentationpic/84_std1.jpg,std1
/content/drive/MyDrive/setOfdata/augumentationpic/82_stud5.png,stud5
/content/drive/MyDrive/setOfdata/augumentationpic/61_std5.jpg,std5
/content/drive/MyDrive/setOfdata/augumentationpic/67_stud3.jpg,stud3
/content/drive/MyDrive/setOfdata/augumentationpic/96_std2.jpg,std2
/content/drive/MyDrive/setOfdata/augumentationpic/95_std2.jpg,std2
/content/drive/MyDrive/setOfdata/augumentationpic/76_stud2.png,stud2
/content/drive/MyDrive/setOfdata/augumentationpic/47_std9.jpg,std9
/content/drive/MyDrive/setOfdata/augumentationpic/78_std2.jpg,std2
/content/drive/MyDrive/setOfdata/augumentationpic/79_std1.jpg,std1
/content/drive/MyDrive/setOfdata/augumentationpic/38_stud8.png,stud8
/content/drive/MyDrive/setOfdata/augumentationpic/31_std2.jpg,std2
/content/drive/MyDrive/setOfdata/augumentationpic/5_stud3.jpg,stud3
/content/drive/MyDrive/setOfdata/augumentationpic/1_stud1.jpg,stud1
/content/drive/MyDrive/setOfdata/augumentationpic/42_std5.jpg,std5
/content/drive/MyDrive/setOfdata/augumentationpic/43_std1.jpg,std1
/content/drive/MyDrive/setOfdata/augumentationpic/66_stud3.jpg,stud3
/content/drive/MyDrive/setOfdata/augumentationpic/0_std2.jpg,std2
/content/drive/MyDrive/setOfdata/augumentationpic/80_stud4.jpg,stud4
/content/drive/MyDrive/setOfdata/augumentationpic/36_stud3.jpg,stud3
/content/drive/MyDrive/setOfdata/augumentationpic/23_stud2.png,stud2
/content/drive/MyDrive/setOfdata/augumentationpic/69_std9.jpg,std9
/content/drive/MyDrive/setOfdata/augumentationpic/27_stud8.png,stud8
/content/drive/MyDrive/setOfdata/augumentationpic/27_std1.jpg,std1
/content/drive/MyDrive/setOfdata/augumentationpic/38_stud3.jpg,stud3
/content/drive/MyDrive/setOfdata/augumentationpic/51_stud2.png,stud2
/content/drive/MyDrive/setOfdata/augumentationpic/72_stud3.jpg,stud3
/content/drive/MyDrive/setOfdata/augumentationpic/1_std1.jpg,std1
/content/drive/MyDrive/setOfdata/augumentationpic/57_stud8.png,stud8
/content/drive/MyDrive/setOfdata/augumentationpic/23_stud3.jpg,stud3
/content/drive/MyDrive/setOfdata/augumentationpic/5_stud9.png,stud9
/content/drive/MyDrive/setOfdata/augumentationpic/18_std1.jpg,std1
/content/drive/MyDrive/setOfdata/augumentationpic/50_std2.jpg,std2
/content/drive/MyDrive/setOfdata/augumentationpic/23_std8.jpg,std8
/content/drive/MyDrive/setOfdata/augumentationpic/41_stud8.png,stud8
/content/drive/MyDrive/setOfdata/augumentationpic/55_std9.jpg,std9
/content/drive/MyDrive/setOfdata/augumentationpic/32_stud3.jpg,stud3
/content/drive/MyDrive/setOfdata/augumentationpic/9_stud9.png,stud9
/content/drive/MyDrive/setOfdata/augumentationpic/24_std8.jpg,std8
/content/drive/MyDrive/setOfdata/augumentationpic/35_stud2.png,stud2
/content/drive/MyDrive/setOfdata/augumentationpic/28_std9.jpg,std9
/content/drive/MyDrive/setOfdata/augumentationpic/55_std2.jpg,std2
/content/drive/MyDrive/setOfdata/augumentationpic/89_stud1.jpg,stud1
/content/drive/MyDrive/setOfdata/augumentationpic/38_std9.jpg,std9
/content/drive/MyDrive/setOfdata/augumentationpic/10_stud9.png,stud9
/content/drive/MyDrive/setOfdata/augumentationpic/67_std8.jpg,std8
/content/drive/MyDrive/setOfdata/augumentationpic/87_std1.jpg,std1
/content/drive/MyDrive/setOfdata/augumentationpic/72_stud4.jpg,stud4
/content/drive/MyDrive/setOfdata/augumentationpic/11_stud5.png,stud5
/content/drive/MyDrive/setOfdata/augumentationpic/65_std5.jpg,std5
/content/drive/MyDrive/setOfdata/augumentationpic/8_stud3.jpg,stud3
/content/drive/MyDrive/setOfdata/augumentationpic/34_stud4.jpg,stud4
/content/drive/MyDrive/setOfdata/augumentationpic/85_std1.jpg,std1
/content/drive/MyDrive/setOfdata/augumentationpic/13_stud3.jpg,stud3
/content/drive/MyDrive/setOfdata/augumentationpic/7_stud2.png,stud2
/content/drive/MyDrive/setOfdata/augumentationpic/25_std2.jpg,std2
/content/drive/MyDrive/setOfdata/augumentationpic/27_std2.jpg,std2
/content/drive/MyDrive/setOfdata/augumentationpic/85_stud2.png,stud2
/content/drive/MyDrive/setOfdata/augumentationpic/11_std2.jpg,std2
/content/drive/MyDrive/setOfdata/augumentationpic/56_std9.jpg,std9
/content/drive/MyDrive/setOfdata/augumentationpic/44_stud2.png,stud2
/content/drive/MyDrive/setOfdata/augumentationpic/41_stud4.jpg,stud4
/content/drive/MyDrive/setOfdata/augumentationpic/83_stud2.png,stud2
/content/drive/MyDrive/setOfdata/augumentationpic/49_stud1.jpg,stud1
/content/drive/MyDrive/setOfdata/augumentationpic/47_std2.jpg,std2
/content/drive/MyDrive/setOfdata/augumentationpic/85_std9.jpg,std9
/content/drive/MyDrive/setOfdata/augumentationpic/90_stud2.png,stud2
/content/drive/MyDrive/setOfdata/augumentationpic/2_stud2.png,stud2
/content/drive/MyDrive/setOfdata/augumentationpic/55_stud4.jpg,stud4
/content/drive/MyDrive/setOfdata/augumentationpic/77_std5.jpg,std5
/content/drive/MyDrive/setOfdata/augumentationpic/18_std2.jpg,std2
/content/drive/MyDrive/setOfdata/augumentationpic/82_std5.jpg,std5
/content/drive/MyDrive/setOfdata/augumentationpic/26_stud1.jpg,stud1
/content/drive/MyDrive/setOfdata/augumentationpic/61_stud8.png,stud8
/content/drive/MyDrive/setOfdata/augumentationpic/57_stud4.jpg,stud4
/content/drive/MyDrive/setOfdata/augumentationpic/82_stud9.png,stud9
/content/drive/MyDrive/setOfdata/augumentationpic/84_std9.jpg,std9
/content/drive/MyDrive/setOfdata/augumentationpic/34_std9.jpg,std9
/content/drive/MyDrive/setOfdata/augumentationpic/26_std5.jpg,std5
/content/drive/MyDrive/setOfdata/augumentationpic/3_std8.jpg,std8
/content/drive/MyDrive/setOfdata/augumentationpic/73_std5.jpg,std5
/content/drive/MyDrive/setOfdata/augumentationpic/49_std1.jpg,std1
/content/drive/MyDrive/setOfdata/augumentationpic/96_stud3.jpg,stud3
/content/drive/MyDrive/setOfdata/augumentationpic/71_stud5.png,stud5
/content/drive/MyDrive/setOfdata/augumentationpic/67_stud8.png,stud8
/content/drive/MyDrive/setOfdata/augumentationpic/1_stud8.png,stud8
/content/drive/MyDrive/setOfdata/augumentationpic/75_std1.jpg,std1
/content/drive/MyDrive/setOfdata/augumentationpic/8_std2.jpg,std2
/content/drive/MyDrive/setOfdata/augumentationpic/94_std8.jpg,std8
/content/drive/MyDrive/setOfdata/augumentationpic/71_std8.jpg,std8
/content/drive/MyDrive/setOfdata/augumentationpic/64_stud4.jpg,stud4
/content/drive/MyDrive/setOfdata/augumentationpic/31_stud1.jpg,stud1
/content/drive/MyDrive/setOfdata/augumentationpic/6_stud4.jpg,stud4
/content/drive/MyDrive/setOfdata/augumentationpic/16_stud3.jpg,stud3
/content/drive/MyDrive/setOfdata/augumentationpic/48_stud9.png,stud9
/content/drive/MyDrive/setOfdata/augumentationpic/10_stud1.jpg,stud1
/content/drive/MyDrive/setOfdata/augumentationpic/92_stud4.jpg,stud4
/content/drive/MyDrive/setOfdata/augumentationpic/32_stud1.jpg,stud1
/content/drive/MyDrive/setOfdata/augumentationpic/73_std9.jpg,std9
/content/drive/MyDrive/setOfdata/augumentationpic/99_std2.jpg,std2
/content/drive/MyDrive/setOfdata/augumentationpic/42_stud3.jpg,stud3
/content/drive/MyDrive/setOfdata/augumentationpic/32_stud4.jpg,stud4
/content/drive/MyDrive/setOfdata/augumentationpic/60_stud1.jpg,stud1
/content/drive/MyDrive/setOfdata/augumentationpic/10_std5.jpg,std5
/content/drive/MyDrive/setOfdata/augumentationpic/99_stud4.jpg,stud4
/content/drive/MyDrive/setOfdata/augumentationpic/76_stud9.png,stud9
/content/drive/MyDrive/setOfdata/augumentationpic/76_stud5.png,stud5
/content/drive/MyDrive/setOfdata/augumentationpic/65_stud4.jpg,stud4
/content/drive/MyDrive/setOfdata/augumentationpic/20_std8.jpg,std8
/content/drive/MyDrive/setOfdata/augumentationpic/56_stud1.jpg,stud1
/content/drive/MyDrive/setOfdata/augumentationpic/29_std5.jpg,std5
/content/drive/MyDrive/setOfdata/augumentationpic/93_stud3.jpg,stud3
/content/drive/MyDrive/setOfdata/augumentationpic/0_stud1.jpg,stud1
/content/drive/MyDrive/setOfdata/augumentationpic/27_stud4.jpg,stud4
/content/drive/MyDrive/setOfdata/augumentationpic/16_std9.jpg,std9
/content/drive/MyDrive/setOfdata/augumentationpic/31_std9.jpg,std9
/content/drive/MyDrive/setOfdata/augumentationpic/18_std8.jpg,std8
/content/drive/MyDrive/setOfdata/augumentationpic/71_stud8.png,stud8
/content/drive/MyDrive/setOfdata/augumentationpic/95_stud4.jpg,stud4
/content/drive/MyDrive/setOfdata/augumentationpic/76_std5.jpg,std5
/content/drive/MyDrive/setOfdata/augumentationpic/77_std1.jpg,std1
/content/drive/MyDrive/setOfdata/augumentationpic/91_stud4.jpg,stud4
/content/drive/MyDrive/setOfdata/augumentationpic/7_stud9.png,stud9
/content/drive/MyDrive/setOfdata/augumentationpic/7_std2.jpg,std2
/content/drive/MyDrive/setOfdata/augumentationpic/64_std5.jpg,std5
/content/drive/MyDrive/setOfdata/augumentationpic/79_stud8.png,stud8
/content/drive/MyDrive/setOfdata/augumentationpic/33_stud5.png,stud5
/content/drive/MyDrive/setOfdata/augumentationpic/48_std8.jpg,std8
/content/drive/MyDrive/setOfdata/augumentationpic/52_std1.jpg,std1
/content/drive/MyDrive/setOfdata/augumentationpic/4_stud3.jpg,stud3
/content/drive/MyDrive/setOfdata/augumentationpic/39_std5.jpg,std5
/content/drive/MyDrive/setOfdata/augumentationpic/74_stud9.png,stud9
/content/drive/MyDrive/setOfdata/augumentationpic/75_stud1.jpg,stud1
/content/drive/MyDrive/setOfdata/augumentationpic/44_std1.jpg,std1
/content/drive/MyDrive/setOfdata/augumentationpic/21_std1.jpg,std1
/content/drive/MyDrive/setOfdata/augumentationpic/34_stud3.jpg,stud3
/content/drive/MyDrive/setOfdata/augumentationpic/3_stud5.png,stud5
/content/drive/MyDrive/setOfdata/augumentationpic/54_stud4.jpg,stud4
/content/drive/MyDrive/setOfdata/augumentationpic/35_stud5.png,stud5
/content/drive/MyDrive/setOfdata/augumentationpic/37_std5.jpg,std5
/content/drive/MyDrive/setOfdata/augumentationpic/90_stud4.jpg,stud4
/content/drive/MyDrive/setOfdata/augumentationpic/16_stud9.png,stud9
/content/drive/MyDrive/setOfdata/augumentationpic/59_std5.jpg,std5
/content/drive/MyDrive/setOfdata/augumentationpic/95_std5.jpg,std5
/content/drive/MyDrive/setOfdata/augumentationpic/7_stud8.png,stud8
/content/drive/MyDrive/setOfdata/augumentationpic/79_stud4.jpg,stud4
/content/drive/MyDrive/setOfdata/augumentationpic/60_stud9.png,stud9
/content/drive/MyDrive/setOfdata/augumentationpic/5_stud8.png,stud8
/content/drive/MyDrive/setOfdata/augumentationpic/89_stud9.png,stud9
/content/drive/MyDrive/setOfdata/augumentationpic/37_std2.jpg,std2
/content/drive/MyDrive/setOfdata/augumentationpic/40_stud3.jpg,stud3
/content/drive/MyDrive/setOfdata/augumentationpic/67_stud1.jpg,stud1
/content/drive/MyDrive/setOfdata/augumentationpic/63_std2.jpg,std2
/content/drive/MyDrive/setOfdata/augumentationpic/16_std1.jpg,std1
/content/drive/MyDrive/setOfdata/augumentationpic/50_stud5.png,stud5
/content/drive/MyDrive/setOfdata/augumentationpic/40_stud9.png,stud9
/content/drive/MyDrive/setOfdata/augumentationpic/45_stud1.jpg,stud1
/content/drive/MyDrive/setOfdata/augumentationpic/50_stud8.png,stud8
/content/drive/MyDrive/setOfdata/augumentationpic/14_stud9.png,stud9
/content/drive/MyDrive/setOfdata/augumentationpic/15_std5.jpg,std5
/content/drive/MyDrive/setOfdata/augumentationpic/90_std2.jpg,std2
/content/drive/MyDrive/setOfdata/augumentationpic/14_stud3.jpg,stud3
/content/drive/MyDrive/setOfdata/augumentationpic/9_std9.jpg,std9
/content/drive/MyDrive/setOfdata/augumentationpic/44_stud4.jpg,stud4
/content/drive/MyDrive/setOfdata/augumentationpic/29_stud5.png,stud5
/content/drive/MyDrive/setOfdata/augumentationpic/40_stud1.jpg,stud1
/content/drive/MyDrive/setOfdata/augumentationpic/48_stud5.png,stud5
/content/drive/MyDrive/setOfdata/augumentationpic/40_stud5.png,stud5
/content/drive/MyDrive/setOfdata/augumentationpic/53_stud8.png,stud8
/content/drive/MyDrive/setOfdata/augumentationpic/76_stud3.jpg,stud3
/content/drive/MyDrive/setOfdata/augumentationpic/38_std2.jpg,std2
/content/drive/MyDrive/setOfdata/augumentationpic/67_std2.jpg,std2
/content/drive/MyDrive/setOfdata/augumentationpic/65_stud9.png,stud9
/content/drive/MyDrive/setOfdata/augumentationpic/94_std5.jpg,std5
/content/drive/MyDrive/setOfdata/augumentationpic/11_std9.jpg,std9
/content/drive/MyDrive/setOfdata/augumentationpic/87_stud5.png,stud5
/content/drive/MyDrive/setOfdata/augumentationpic/75_stud4.jpg,stud4
/content/drive/MyDrive/setOfdata/augumentationpic/67_stud5.png,stud5
/content/drive/MyDrive/setOfdata/augumentationpic/23_std2.jpg,std2
/content/drive/MyDrive/setOfdata/augumentationpic/15_stud4.jpg,stud4
/content/drive/MyDrive/setOfdata/augumentationpic/65_stud2.png,stud2
/content/drive/MyDrive/setOfdata/augumentationpic/35_std2.jpg,std2
/content/drive/MyDrive/setOfdata/augumentationpic/97_stud8.png,stud8
/content/drive/MyDrive/setOfdata/augumentationpic/95_stud1.jpg,stud1
/content/drive/MyDrive/setOfdata/augumentationpic/91_stud1.jpg,stud1
/content/drive/MyDrive/setOfdata/augumentationpic/96_std9.jpg,std9
/content/drive/MyDrive/setOfdata/augumentationpic/55_stud9.png,stud9
/content/drive/MyDrive/setOfdata/augumentationpic/78_stud1.jpg,stud1
/content/drive/MyDrive/setOfdata/augumentationpic/2_std9.jpg,std9
/content/drive/MyDrive/setOfdata/augumentationpic/74_std8.jpg,std8
/content/drive/MyDrive/setOfdata/augumentationpic/86_stud8.png,stud8
/content/drive/MyDrive/setOfdata/augumentationpic/0_std5.jpg,std5
/content/drive/MyDrive/setOfdata/augumentationpic/78_std9.jpg,std9
/content/drive/MyDrive/setOfdata/augumentationpic/29_std8.jpg,std8
/content/drive/MyDrive/setOfdata/augumentationpic/39_std1.jpg,std1
/content/drive/MyDrive/setOfdata/augumentationpic/83_stud5.png,stud5
/content/drive/MyDrive/setOfdata/augumentationpic/84_stud3.jpg,stud3
/content/drive/MyDrive/setOfdata/augumentationpic/4_std5.jpg,std5
/content/drive/MyDrive/setOfdata/augumentationpic/18_std9.jpg,std9
/content/drive/MyDrive/setOfdata/augumentationpic/66_std5.jpg,std5
/content/drive/MyDrive/setOfdata/augumentationpic/84_stud8.png,stud8
/content/drive/MyDrive/setOfdata/augumentationpic/18_stud1.jpg,stud1
/content/drive/MyDrive/setOfdata/augumentationpic/95_std8.jpg,std8
/content/drive/MyDrive/setOfdata/augumentationpic/77_stud4.jpg,stud4
/content/drive/MyDrive/setOfdata/augumentationpic/77_stud3.jpg,stud3
/content/drive/MyDrive/setOfdata/augumentationpic/77_stud8.png,stud8
/content/drive/MyDrive/setOfdata/augumentationpic/4_std1.jpg,std1
/content/drive/MyDrive/setOfdata/augumentationpic/77_std2.jpg,std2
/content/drive/MyDrive/setOfdata/augumentationpic/33_std1.jpg,std1
/content/drive/MyDrive/setOfdata/augumentationpic/69_std1.jpg,std1
/content/drive/MyDrive/setOfdata/augumentationpic/78_stud5.png,stud5
/content/drive/MyDrive/setOfdata/augumentationpic/0_std8.jpg,std8
/content/drive/MyDrive/setOfdata/augumentationpic/27_stud2.png,stud2
/content/drive/MyDrive/setOfdata/augumentationpic/63_stud5.png,stud5
/content/drive/MyDrive/setOfdata/augumentationpic/14_stud5.png,stud5
/content/drive/MyDrive/setOfdata/augumentationpic/1_stud3.jpg,stud3
/content/drive/MyDrive/setOfdata/augumentationpic/64_std8.jpg,std8
/content/drive/MyDrive/setOfdata/augumentationpic/33_stud2.png,stud2
/content/drive/MyDrive/setOfdata/augumentationpic/38_stud4.jpg,stud4
/content/drive/MyDrive/setOfdata/augumentationpic/27_stud1.jpg,stud1
/content/drive/MyDrive/setOfdata/augumentationpic/43_stud5.png,stud5
/content/drive/MyDrive/setOfdata/augumentationpic/3_stud4.jpg,stud4
/content/drive/MyDrive/setOfdata/augumentationpic/75_std8.jpg,std8
/content/drive/MyDrive/setOfdata/augumentationpic/48_std9.jpg,std9
/content/drive/MyDrive/setOfdata/augumentationpic/54_stud1.jpg,stud1
/content/drive/MyDrive/setOfdata/augumentationpic/12_std8.jpg,std8
/content/drive/MyDrive/setOfdata/augumentationpic/65_std9.jpg,std9
/content/drive/MyDrive/setOfdata/augumentationpic/73_stud1.jpg,stud1
/content/drive/MyDrive/setOfdata/augumentationpic/35_std1.jpg,std1
/content/drive/MyDrive/setOfdata/augumentationpic/9_stud3.jpg,stud3
/content/drive/MyDrive/setOfdata/augumentationpic/26_stud9.png,stud9
/content/drive/MyDrive/setOfdata/augumentationpic/24_stud5.png,stud5
/content/drive/MyDrive/setOfdata/augumentationpic/6_std1.jpg,std1
/content/drive/MyDrive/setOfdata/augumentationpic/88_stud1.jpg,stud1
/content/drive/MyDrive/setOfdata/augumentationpic/56_std1.jpg,std1
/content/drive/MyDrive/setOfdata/augumentationpic/54_std1.jpg,std1
/content/drive/MyDrive/setOfdata/augumentationpic/24_stud3.jpg,stud3
/content/drive/MyDrive/setOfdata/augumentationpic/34_stud5.png,stud5
/content/drive/MyDrive/setOfdata/augumentationpic/83_std2.jpg,std2
/content/drive/MyDrive/setOfdata/augumentationpic/35_stud1.jpg,stud1
/content/drive/MyDrive/setOfdata/augumentationpic/49_stud8.png,stud8
/content/drive/MyDrive/setOfdata/augumentationpic/70_std5.jpg,std5
/content/drive/MyDrive/setOfdata/augumentationpic/74_std9.jpg,std9
/content/drive/MyDrive/setOfdata/augumentationpic/75_stud9.png,stud9
/content/drive/MyDrive/setOfdata/augumentationpic/6_std9.jpg,std9
/content/drive/MyDrive/setOfdata/augumentationpic/10_std2.jpg,std2
/content/drive/MyDrive/setOfdata/augumentationpic/6_std2.jpg,std2
/content/drive/MyDrive/setOfdata/augumentationpic/11_std1.jpg,std1
/content/drive/MyDrive/setOfdata/augumentationpic/73_stud3.jpg,stud3
/content/drive/MyDrive/setOfdata/augumentationpic/9_stud1.jpg,stud1
/content/drive/MyDrive/setOfdata/augumentationpic/51_stud9.png,stud9
/content/drive/MyDrive/setOfdata/augumentationpic/10_stud8.png,stud8
/content/drive/MyDrive/setOfdata/augumentationpic/90_stud3.jpg,stud3
/content/drive/MyDrive/setOfdata/augumentationpic/66_stud8.png,stud8
/content/drive/MyDrive/setOfdata/augumentationpic/98_stud3.jpg,stud3
/content/drive/MyDrive/setOfdata/augumentationpic/8_stud4.jpg,stud4
/content/drive/MyDrive/setOfdata/augumentationpic/5_std1.jpg,std1
/content/drive/MyDrive/setOfdata/augumentationpic/87_std8.jpg,std8
/content/drive/MyDrive/setOfdata/augumentationpic/3_std5.jpg,std5
/content/drive/MyDrive/setOfdata/augumentationpic/43_stud9.png,stud9
/content/drive/MyDrive/setOfdata/augumentationpic/30_std8.jpg,std8
/content/drive/MyDrive/setOfdata/augumentationpic/84_stud9.png,stud9
/content/drive/MyDrive/setOfdata/augumentationpic/89_stud4.jpg,stud4
/content/drive/MyDrive/setOfdata/augumentationpic/60_stud4.jpg,stud4
/content/drive/MyDrive/setOfdata/augumentationpic/44_stud3.jpg,stud3
/content/drive/MyDrive/setOfdata/augumentationpic/44_stud9.png,stud9
/content/drive/MyDrive/setOfdata/augumentationpic/37_std8.jpg,std8
/content/drive/MyDrive/setOfdata/augumentationpic/70_stud5.png,stud5
/content/drive/MyDrive/setOfdata/augumentationpic/78_std8.jpg,std8
/content/drive/MyDrive/setOfdata/augumentationpic/0_std1.jpg,std1
/content/drive/MyDrive/setOfdata/augumentationpic/43_std9.jpg,std9
/content/drive/MyDrive/setOfdata/augumentationpic/58_stud1.jpg,stud1
/content/drive/MyDrive/setOfdata/augumentationpic/58_stud5.png,stud5
/content/drive/MyDrive/setOfdata/augumentationpic/98_std2.jpg,std2
/content/drive/MyDrive/setOfdata/augumentationpic/63_stud9.png,stud9
/content/drive/MyDrive/setOfdata/augumentationpic/45_stud5.png,stud5
/content/drive/MyDrive/setOfdata/augumentationpic/22_stud3.jpg,stud3
/content/drive/MyDrive/setOfdata/augumentationpic/31_stud2.png,stud2
/content/drive/MyDrive/setOfdata/augumentationpic/40_std8.jpg,std8
/content/drive/MyDrive/setOfdata/augumentationpic/8_stud9.png,stud9
/content/drive/MyDrive/setOfdata/augumentationpic/88_stud9.png,stud9
/content/drive/MyDrive/setOfdata/augumentationpic/17_std9.jpg,std9
/content/drive/MyDrive/setOfdata/augumentationpic/47_stud4.jpg,stud4
/content/drive/MyDrive/setOfdata/augumentationpic/42_stud1.jpg,stud1
/content/drive/MyDrive/setOfdata/augumentationpic/31_stud8.png,stud8
/content/drive/MyDrive/setOfdata/augumentationpic/92_stud2.png,stud2
/content/drive/MyDrive/setOfdata/augumentationpic/99_stud3.jpg,stud3
/content/drive/MyDrive/setOfdata/augumentationpic/80_stud2.png,stud2
/content/drive/MyDrive/setOfdata/augumentationpic/97_std5.jpg,std5
/content/drive/MyDrive/setOfdata/augumentationpic/11_stud8.png,stud8
/content/drive/MyDrive/setOfdata/augumentationpic/16_stud4.jpg,stud4
/content/drive/MyDrive/setOfdata/augumentationpic/59_std8.jpg,std8
/content/drive/MyDrive/setOfdata/augumentationpic/73_stud4.jpg,stud4
/content/drive/MyDrive/setOfdata/augumentationpic/81_stud5.png,stud5
/content/drive/MyDrive/setOfdata/augumentationpic/19_stud5.png,stud5
/content/drive/MyDrive/setOfdata/augumentationpic/86_stud9.png,stud9
/content/drive/MyDrive/setOfdata/augumentationpic/9_stud4.jpg,stud4
/content/drive/MyDrive/setOfdata/augumentationpic/50_stud3.jpg,stud3
/content/drive/MyDrive/setOfdata/augumentationpic/50_std1.jpg,std1
/content/drive/MyDrive/setOfdata/augumentationpic/12_stud9.png,stud9
/content/drive/MyDrive/setOfdata/augumentationpic/25_stud4.jpg,stud4
/content/drive/MyDrive/setOfdata/augumentationpic/15_std8.jpg,std8
/content/drive/MyDrive/setOfdata/augumentationpic/23_stud5.png,stud5
/content/drive/MyDrive/setOfdata/augumentationpic/61_std8.jpg,std8
/content/drive/MyDrive/setOfdata/augumentationpic/31_stud5.png,stud5
/content/drive/MyDrive/setOfdata/augumentationpic/61_stud3.jpg,stud3
/content/drive/MyDrive/setOfdata/augumentationpic/14_std9.jpg,std9
/content/drive/MyDrive/setOfdata/augumentationpic/2_std5.jpg,std5
/content/drive/MyDrive/setOfdata/augumentationpic/23_std5.jpg,std5
/content/drive/MyDrive/setOfdata/augumentationpic/6_stud9.png,stud9
/content/drive/MyDrive/setOfdata/augumentationpic/69_std8.jpg,std8
/content/drive/MyDrive/setOfdata/augumentationpic/6_stud2.png,stud2
/content/drive/MyDrive/setOfdata/augumentationpic/34_std5.jpg,std5
/content/drive/MyDrive/setOfdata/augumentationpic/44_std2.jpg,std2
/content/drive/MyDrive/setOfdata/augumentationpic/32_std2.jpg,std2
/content/drive/MyDrive/setOfdata/augumentationpic/50_std5.jpg,std5
/content/drive/MyDrive/setOfdata/augumentationpic/11_std5.jpg,std5
/content/drive/MyDrive/setOfdata/augumentationpic/18_stud5.png,stud5
/content/drive/MyDrive/setOfdata/augumentationpic/26_stud3.jpg,stud3
/content/drive/MyDrive/setOfdata/augumentationpic/37_stud1.jpg,stud1
/content/drive/MyDrive/setOfdata/augumentationpic/0_stud3.jpg,stud3
/content/drive/MyDrive/setOfdata/augumentationpic/46_std2.jpg,std2
/content/drive/MyDrive/setOfdata/augumentationpic/51_std8.jpg,std8
/content/drive/MyDrive/setOfdata/augumentationpic/53_stud3.jpg,stud3
/content/drive/MyDrive/setOfdata/augumentationpic/89_std5.jpg,std5
/content/drive/MyDrive/setOfdata/augumentationpic/14_stud1.jpg,stud1
/content/drive/MyDrive/setOfdata/augumentationpic/90_stud9.png,stud9
/content/drive/MyDrive/setOfdata/augumentationpic/57_stud1.jpg,stud1
/content/drive/MyDrive/setOfdata/augumentationpic/87_std2.jpg,std2
/content/drive/MyDrive/setOfdata/augumentationpic/90_stud8.png,stud8
/content/drive/MyDrive/setOfdata/augumentationpic/7_std9.jpg,std9
/content/drive/MyDrive/setOfdata/augumentationpic/12_std9.jpg,std9
/content/drive/MyDrive/setOfdata/augumentationpic/7_std1.jpg,std1
/content/drive/MyDrive/setOfdata/augumentationpic/2_std1.jpg,std1
/content/drive/MyDrive/setOfdata/augumentationpic/58_stud2.png,stud2
/content/drive/MyDrive/setOfdata/augumentationpic/95_stud3.jpg,stud3
/content/drive/MyDrive/setOfdata/augumentationpic/83_std1.jpg,std1
/content/drive/MyDrive/setOfdata/augumentationpic/23_stud8.png,stud8
/content/drive/MyDrive/setOfdata/augumentationpic/22_stud8.png,stud8
/content/drive/MyDrive/setOfdata/augumentationpic/77_stud9.png,stud9
/content/drive/MyDrive/setOfdata/augumentationpic/32_std9.jpg,std9
/content/drive/MyDrive/setOfdata/augumentationpic/95_std9.jpg,std9
/content/drive/MyDrive/setOfdata/augumentationpic/95_stud8.png,stud8
/content/drive/MyDrive/setOfdata/augumentationpic/39_std8.jpg,std8
/content/drive/MyDrive/setOfdata/augumentationpic/72_stud2.png,stud2
/content/drive/MyDrive/setOfdata/augumentationpic/82_stud3.jpg,stud3
/content/drive/MyDrive/setOfdata/augumentationpic/85_stud3.jpg,stud3
/content/drive/MyDrive/setOfdata/augumentationpic/17_stud1.jpg,stud1
/content/drive/MyDrive/setOfdata/augumentationpic/68_stud2.png,stud2
/content/drive/MyDrive/setOfdata/augumentationpic/4_stud4.jpg,stud4
/content/drive/MyDrive/setOfdata/augumentationpic/93_stud8.png,stud8
/content/drive/MyDrive/setOfdata/augumentationpic/75_stud2.png,stud2
/content/drive/MyDrive/setOfdata/augumentationpic/55_std1.jpg,std1
/content/drive/MyDrive/setOfdata/augumentationpic/3_std2.jpg,std2
/content/drive/MyDrive/setOfdata/augumentationpic/59_stud1.jpg,stud1
/content/drive/MyDrive/setOfdata/augumentationpic/60_std1.jpg,std1
/content/drive/MyDrive/setOfdata/augumentationpic/55_stud3.jpg,stud3
/content/drive/MyDrive/setOfdata/augumentationpic/13_std1.jpg,std1
/content/drive/MyDrive/setOfdata/augumentationpic/47_std8.jpg,std8
/content/drive/MyDrive/setOfdata/augumentationpic/52_stud5.png,stud5
/content/drive/MyDrive/setOfdata/augumentationpic/92_std9.jpg,std9
/content/drive/MyDrive/setOfdata/augumentationpic/4_std9.jpg,std9
/content/drive/MyDrive/setOfdata/augumentationpic/51_std5.jpg,std5
/content/drive/MyDrive/setOfdata/augumentationpic/19_std8.jpg,std8
/content/drive/MyDrive/setOfdata/augumentationpic/87_stud2.png,stud2
/content/drive/MyDrive/setOfdata/augumentationpic/79_stud3.jpg,stud3
/content/drive/MyDrive/setOfdata/augumentationpic/79_stud1.jpg,stud1
/content/drive/MyDrive/setOfdata/augumentationpic/40_stud4.jpg,stud4
/content/drive/MyDrive/setOfdata/augumentationpic/62_stud2.png,stud2
/content/drive/MyDrive/setOfdata/augumentationpic/0_stud4.jpg,stud4
/content/drive/MyDrive/setOfdata/augumentationpic/99_stud8.png,stud8
/content/drive/MyDrive/setOfdata/augumentationpic/5_std5.jpg,std5
/content/drive/MyDrive/setOfdata/augumentationpic/26_stud8.png,stud8
/content/drive/MyDrive/setOfdata/augumentationpic/4_stud9.png,stud9
/content/drive/MyDrive/setOfdata/augumentationpic/72_stud5.png,stud5
/content/drive/MyDrive/setOfdata/augumentationpic/2_std8.jpg,std8
/content/drive/MyDrive/setOfdata/augumentationpic/39_stud2.png,stud2
/content/drive/MyDrive/setOfdata/augumentationpic/62_std8.jpg,std8
/content/drive/MyDrive/setOfdata/augumentationpic/19_std2.jpg,std2
/content/drive/MyDrive/setOfdata/augumentationpic/97_stud4.jpg,stud4
/content/drive/MyDrive/setOfdata/augumentationpic/19_std5.jpg,std5
/content/drive/MyDrive/setOfdata/augumentationpic/82_std8.jpg,std8
/content/drive/MyDrive/setOfdata/augumentationpic/22_std2.jpg,std2
/content/drive/MyDrive/setOfdata/augumentationpic/94_stud3.jpg,stud3
/content/drive/MyDrive/setOfdata/augumentationpic/43_std5.jpg,std5
/content/drive/MyDrive/setOfdata/augumentationpic/23_stud9.png,stud9
/content/drive/MyDrive/setOfdata/augumentationpic/38_stud1.jpg,stud1
/content/drive/MyDrive/setOfdata/augumentationpic/35_stud8.png,stud8
/content/drive/MyDrive/setOfdata/augumentationpic/99_std8.jpg,std8
/content/drive/MyDrive/setOfdata/augumentationpic/51_stud8.png,stud8
/content/drive/MyDrive/setOfdata/augumentationpic/27_std9.jpg,std9
/content/drive/MyDrive/setOfdata/augumentationpic/41_std8.jpg,std8
/content/drive/MyDrive/setOfdata/augumentationpic/66_stud9.png,stud9
/content/drive/MyDrive/setOfdata/augumentationpic/18_std5.jpg,std5
/content/drive/MyDrive/setOfdata/augumentationpic/20_stud3.jpg,stud3
/content/drive/MyDrive/setOfdata/augumentationpic/72_std1.jpg,std1
/content/drive/MyDrive/setOfdata/augumentationpic/12_std1.jpg,std1
/content/drive/MyDrive/setOfdata/augumentationpic/46_std5.jpg,std5
/content/drive/MyDrive/setOfdata/augumentationpic/75_stud3.jpg,stud3
/content/drive/MyDrive/setOfdata/augumentationpic/12_stud8.png,stud8
/content/drive/MyDrive/setOfdata/augumentationpic/19_stud3.jpg,stud3
/content/drive/MyDrive/setOfdata/augumentationpic/80_stud5.png,stud5
/content/drive/MyDrive/setOfdata/augumentationpic/56_std5.jpg,std5
/content/drive/MyDrive/setOfdata/augumentationpic/64_stud5.png,stud5
/content/drive/MyDrive/setOfdata/augumentationpic/64_stud9.png,stud9
/content/drive/MyDrive/setOfdata/augumentationpic/23_stud4.jpg,stud4
/content/drive/MyDrive/setOfdata/augumentationpic/31_std8.jpg,std8
/content/drive/MyDrive/setOfdata/augumentationpic/47_stud3.jpg,stud3
/content/drive/MyDrive/setOfdata/augumentationpic/34_std8.jpg,std8
/content/drive/MyDrive/setOfdata/augumentationpic/10_stud3.jpg,stud3
/content/drive/MyDrive/setOfdata/augumentationpic/44_std8.jpg,std8
/content/drive/MyDrive/setOfdata/augumentationpic/81_stud8.png,stud8
/content/drive/MyDrive/setOfdata/augumentationpic/66_std1.jpg,std1
/content/drive/MyDrive/setOfdata/augumentationpic/30_stud9.png,stud9
/content/drive/MyDrive/setOfdata/augumentationpic/70_stud4.jpg,stud4
/content/drive/MyDrive/setOfdata/augumentationpic/86_std2.jpg,std2
/content/drive/MyDrive/setOfdata/augumentationpic/5_stud4.jpg,stud4
/content/drive/MyDrive/setOfdata/augumentationpic/71_std2.jpg,std2
/content/drive/MyDrive/setOfdata/augumentationpic/48_stud3.jpg,stud3
/content/drive/MyDrive/setOfdata/augumentationpic/1_stud2.png,stud2
/content/drive/MyDrive/setOfdata/augumentationpic/25_stud5.png,stud5
/content/drive/MyDrive/setOfdata/augumentationpic/22_stud4.jpg,stud4
/content/drive/MyDrive/setOfdata/augumentationpic/76_std9.jpg,std9
/content/drive/MyDrive/setOfdata/augumentationpic/3_stud8.png,stud8
/content/drive/MyDrive/setOfdata/augumentationpic/12_stud2.png,stud2
/content/drive/MyDrive/setOfdata/augumentationpic/32_std8.jpg,std8
/content/drive/MyDrive/setOfdata/augumentationpic/50_stud2.png,stud2
/content/drive/MyDrive/setOfdata/augumentationpic/64_std1.jpg,std1
/content/drive/MyDrive/setOfdata/augumentationpic/81_std8.jpg,std8
/content/drive/MyDrive/setOfdata/augumentationpic/22_std5.jpg,std5
/content/drive/MyDrive/setOfdata/augumentationpic/18_stud9.png,stud9
/content/drive/MyDrive/setOfdata/augumentationpic/46_stud8.png,stud8
/content/drive/MyDrive/setOfdata/augumentationpic/91_std1.jpg,std1
/content/drive/MyDrive/setOfdata/augumentationpic/78_stud9.png,stud9
/content/drive/MyDrive/setOfdata/augumentationpic/56_stud5.png,stud5
/content/drive/MyDrive/setOfdata/augumentationpic/56_std2.jpg,std2
/content/drive/MyDrive/setOfdata/augumentationpic/77_std9.jpg,std9
/content/drive/MyDrive/setOfdata/augumentationpic/93_stud2.png,stud2
/content/drive/MyDrive/setOfdata/augumentationpic/65_std2.jpg,std2
/content/drive/MyDrive/setOfdata/augumentationpic/57_stud5.png,stud5
/content/drive/MyDrive/setOfdata/augumentationpic/56_stud2.png,stud2
/content/drive/MyDrive/setOfdata/augumentationpic/32_stud5.png,stud5
/content/drive/MyDrive/setOfdata/augumentationpic/59_stud5.png,stud5
/content/drive/MyDrive/setOfdata/augumentationpic/15_std9.jpg,std9
/content/drive/MyDrive/setOfdata/augumentationpic/57_std8.jpg,std8
/content/drive/MyDrive/setOfdata/augumentationpic/43_std8.jpg,std8
/content/drive/MyDrive/setOfdata/augumentationpic/7_stud1.jpg,stud1
/content/drive/MyDrive/setOfdata/augumentationpic/54_std9.jpg,std9
/content/drive/MyDrive/setOfdata/augumentationpic/86_std8.jpg,std8
/content/drive/MyDrive/setOfdata/augumentationpic/71_stud1.jpg,stud1
/content/drive/MyDrive/setOfdata/augumentationpic/73_std1.jpg,std1
/content/drive/MyDrive/setOfdata/augumentationpic/51_std2.jpg,std2
/content/drive/MyDrive/setOfdata/augumentationpic/33_std9.jpg,std9
/content/drive/MyDrive/setOfdata/augumentationpic/8_std8.jpg,std8
/content/drive/MyDrive/setOfdata/augumentationpic/46_std9.jpg,std9
/content/drive/MyDrive/setOfdata/augumentationpic/94_std1.jpg,std1
/content/drive/MyDrive/setOfdata/augumentationpic/24_std9.jpg,std9
/content/drive/MyDrive/setOfdata/augumentationpic/33_std2.jpg,std2
/content/drive/MyDrive/setOfdata/augumentationpic/54_stud8.png,stud8
/content/drive/MyDrive/setOfdata/augumentationpic/33_std5.jpg,std5
/content/drive/MyDrive/setOfdata/augumentationpic/86_stud2.png,stud2
/content/drive/MyDrive/setOfdata/augumentationpic/58_stud8.png,stud8
/content/drive/MyDrive/setOfdata/augumentationpic/49_stud3.jpg,stud3
/content/drive/MyDrive/setOfdata/augumentationpic/27_std5.jpg,std5
/content/drive/MyDrive/setOfdata/augumentationpic/52_std2.jpg,std2
/content/drive/MyDrive/setOfdata/augumentationpic/84_stud4.jpg,stud4
/content/drive/MyDrive/setOfdata/augumentationpic/76_std1.jpg,std1
/content/drive/MyDrive/setOfdata/augumentationpic/22_stud5.png,stud5
/content/drive/MyDrive/setOfdata/augumentationpic/65_stud8.png,stud8
/content/drive/MyDrive/setOfdata/augumentationpic/29_stud3.jpg,stud3
/content/drive/MyDrive/setOfdata/augumentationpic/28_std1.jpg,std1
/content/drive/MyDrive/setOfdata/augumentationpic/13_stud5.png,stud5
/content/drive/MyDrive/setOfdata/augumentationpic/53_std5.jpg,std5
/content/drive/MyDrive/setOfdata/augumentationpic/92_stud9.png,stud9
/content/drive/MyDrive/setOfdata/augumentationpic/9_stud2.png,stud2
/content/drive/MyDrive/setOfdata/augumentationpic/6_stud8.png,stud8
/content/drive/MyDrive/setOfdata/augumentationpic/45_stud8.png,stud8
/content/drive/MyDrive/setOfdata/augumentationpic/63_std1.jpg,std1
/content/drive/MyDrive/setOfdata/augumentationpic/97_std8.jpg,std8
/content/drive/MyDrive/setOfdata/augumentationpic/8_stud1.jpg,stud1
/content/drive/MyDrive/setOfdata/augumentationpic/16_std5.jpg,std5
/content/drive/MyDrive/setOfdata/augumentationpic/2_stud9.png,stud9
/content/drive/MyDrive/setOfdata/augumentationpic/44_stud1.jpg,stud1
/content/drive/MyDrive/setOfdata/augumentationpic/64_stud2.png,stud2
/content/drive/MyDrive/setOfdata/augumentationpic/94_stud5.png,stud5
/content/drive/MyDrive/setOfdata/augumentationpic/28_std5.jpg,std5
/content/drive/MyDrive/setOfdata/augumentationpic/5_stud2.png,stud2
/content/drive/MyDrive/setOfdata/augumentationpic/13_stud2.png,stud2
/content/drive/MyDrive/setOfdata/augumentationpic/67_std9.jpg,std9
/content/drive/MyDrive/setOfdata/augumentationpic/48_std2.jpg,std2
/content/drive/MyDrive/setOfdata/augumentationpic/24_stud8.png,stud8
/content/drive/MyDrive/setOfdata/augumentationpic/70_std1.jpg,std1
/content/drive/MyDrive/setOfdata/augumentationpic/10_stud5.png,stud5
/content/drive/MyDrive/setOfdata/augumentationpic/86_stud4.jpg,stud4
/content/drive/MyDrive/setOfdata/augumentationpic/84_stud2.png,stud2
/content/drive/MyDrive/setOfdata/augumentationpic/58_std5.jpg,std5
/content/drive/MyDrive/setOfdata/augumentationpic/18_stud2.png,stud2
/content/drive/MyDrive/setOfdata/augumentationpic/59_stud4.jpg,stud4
/content/drive/MyDrive/setOfdata/augumentationpic/91_std8.jpg,std8
/content/drive/MyDrive/setOfdata/augumentationpic/0_stud8.png,stud8
/content/drive/MyDrive/setOfdata/augumentationpic/91_stud9.png,stud9
/content/drive/MyDrive/setOfdata/augumentationpic/31_std5.jpg,std5
/content/drive/MyDrive/setOfdata/augumentationpic/41_stud3.jpg,stud3
/content/drive/MyDrive/setOfdata/augumentationpic/50_std9.jpg,std9
/content/drive/MyDrive/setOfdata/augumentationpic/48_std5.jpg,std5
/content/drive/MyDrive/setOfdata/augumentationpic/60_std5.jpg,std5
/content/drive/MyDrive/setOfdata/augumentationpic/84_std8.jpg,std8
/content/drive/MyDrive/setOfdata/augumentationpic/48_stud1.jpg,stud1
/content/drive/MyDrive/setOfdata/augumentationpic/93_stud1.jpg,stud1
/content/drive/MyDrive/setOfdata/augumentationpic/71_stud4.jpg,stud4
/content/drive/MyDrive/setOfdata/augumentationpic/85_std5.jpg,std5
/content/drive/MyDrive/setOfdata/augumentationpic/86_stud3.jpg,stud3
/content/drive/MyDrive/setOfdata/augumentationpic/34_stud2.png,stud2
/content/drive/MyDrive/setOfdata/augumentationpic/78_stud3.jpg,stud3
/content/drive/MyDrive/setOfdata/augumentationpic/97_stud2.png,stud2
/content/drive/MyDrive/setOfdata/augumentationpic/10_stud2.png,stud2
/content/drive/MyDrive/setOfdata/augumentationpic/43_stud4.jpg,stud4
/content/drive/MyDrive/setOfdata/augumentationpic/71_stud3.jpg,stud3
/content/drive/MyDrive/setOfdata/augumentationpic/89_stud3.jpg,stud3
/content/drive/MyDrive/setOfdata/augumentationpic/97_std9.jpg,std9
/content/drive/MyDrive/setOfdata/augumentationpic/77_std8.jpg,std8
/content/drive/MyDrive/setOfdata/augumentationpic/19_stud2.png,stud2
/content/drive/MyDrive/setOfdata/augumentationpic/55_std8.jpg,std8
/content/drive/MyDrive/setOfdata/augumentationpic/83_std5.jpg,std5
/content/drive/MyDrive/setOfdata/augumentationpic/20_std5.jpg,std5
/content/drive/MyDrive/setOfdata/augumentationpic/20_std1.jpg,std1
/content/drive/MyDrive/setOfdata/augumentationpic/74_std1.jpg,std1
/content/drive/MyDrive/setOfdata/augumentationpic/5_stud1.jpg,stud1
/content/drive/MyDrive/setOfdata/augumentationpic/9_std1.jpg,std1
/content/drive/MyDrive/setOfdata/augumentationpic/53_stud9.png,stud9
/content/drive/MyDrive/setOfdata/augumentationpic/82_std1.jpg,std1
/content/drive/MyDrive/setOfdata/augumentationpic/98_std1.jpg,std1
/content/drive/MyDrive/setOfdata/augumentationpic/26_stud5.png,stud5
/content/drive/MyDrive/setOfdata/augumentationpic/62_stud1.jpg,stud1
/content/drive/MyDrive/setOfdata/augumentationpic/49_stud5.png,stud5
/content/drive/MyDrive/setOfdata/augumentationpic/22_stud9.png,stud9
/content/drive/MyDrive/setOfdata/augumentationpic/36_std5.jpg,std5
/content/drive/MyDrive/setOfdata/augumentationpic/92_std8.jpg,std8
/content/drive/MyDrive/setOfdata/augumentationpic/3_stud3.jpg,stud3
/content/drive/MyDrive/setOfdata/augumentationpic/19_stud9.png,stud9
/content/drive/MyDrive/setOfdata/augumentationpic/84_std2.jpg,std2
/content/drive/MyDrive/setOfdata/augumentationpic/45_stud4.jpg,stud4
/content/drive/MyDrive/setOfdata/augumentationpic/36_stud5.png,stud5
/content/drive/MyDrive/setOfdata/augumentationpic/38_stud2.png,stud2
/content/drive/MyDrive/setOfdata/augumentationpic/80_stud3.jpg,stud3
/content/drive/MyDrive/setOfdata/augumentationpic/29_stud1.jpg,stud1
/content/drive/MyDrive/setOfdata/augumentationpic/92_std5.jpg,std5
/content/drive/MyDrive/setOfdata/augumentationpic/61_stud1.jpg,stud1
/content/drive/MyDrive/setOfdata/augumentationpic/62_stud4.jpg,stud4
/content/drive/MyDrive/setOfdata/augumentationpic/77_stud1.jpg,stud1
/content/drive/MyDrive/setOfdata/augumentationpic/83_stud9.png,stud9
/content/drive/MyDrive/setOfdata/augumentationpic/30_std2.jpg,std2
/content/drive/MyDrive/setOfdata/augumentationpic/73_stud2.png,stud2
/content/drive/MyDrive/setOfdata/augumentationpic/12_stud4.jpg,stud4
/content/drive/MyDrive/setOfdata/augumentationpic/72_stud9.png,stud9
/content/drive/MyDrive/setOfdata/augumentationpic/37_stud5.png,stud5
/content/drive/MyDrive/setOfdata/augumentationpic/5_std9.jpg,std9
/content/drive/MyDrive/setOfdata/augumentationpic/67_stud2.png,stud2
/content/drive/MyDrive/setOfdata/augumentationpic/96_stud8.png,stud8
/content/drive/MyDrive/setOfdata/augumentationpic/78_stud4.jpg,stud4
/content/drive/MyDrive/setOfdata/augumentationpic/39_stud1.jpg,stud1
/content/drive/MyDrive/setOfdata/augumentationpic/40_std5.jpg,std5
/content/drive/MyDrive/setOfdata/augumentationpic/8_std9.jpg,std9
/content/drive/MyDrive/setOfdata/augumentationpic/15_stud5.png,stud5
/content/drive/MyDrive/setOfdata/augumentationpic/25_std9.jpg,std9
/content/drive/MyDrive/setOfdata/augumentationpic/85_stud1.jpg,stud1
/content/drive/MyDrive/setOfdata/augumentationpic/86_std1.jpg,std1
/content/drive/MyDrive/setOfdata/augumentationpic/38_stud9.png,stud9
/content/drive/MyDrive/setOfdata/augumentationpic/7_std8.jpg,std8
/content/drive/MyDrive/setOfdata/augumentationpic/13_std9.jpg,std9
/content/drive/MyDrive/setOfdata/augumentationpic/46_stud4.jpg,stud4
/content/drive/MyDrive/setOfdata/augumentationpic/39_stud5.png,stud5
/content/drive/MyDrive/setOfdata/augumentationpic/4_stud5.png,stud5
/content/drive/MyDrive/setOfdata/augumentationpic/87_std5.jpg,std5
/content/drive/MyDrive/setOfdata/augumentationpic/40_std2.jpg,std2
/content/drive/MyDrive/setOfdata/augumentationpic/90_std1.jpg,std1
/content/drive/MyDrive/setOfdata/augumentationpic/98_std9.jpg,std9
/content/drive/MyDrive/setOfdata/augumentationpic/62_stud9.png,stud9
/content/drive/MyDrive/setOfdata/augumentationpic/70_stud9.png,stud9
/content/drive/MyDrive/setOfdata/augumentationpic/58_stud4.jpg,stud4
/content/drive/MyDrive/setOfdata/augumentationpic/3_stud2.png,stud2
/content/drive/MyDrive/setOfdata/augumentationpic/76_std2.jpg,std2
/content/drive/MyDrive/setOfdata/augumentationpic/3_stud9.png,stud9
/content/drive/MyDrive/setOfdata/augumentationpic/93_std9.jpg,std9
/content/drive/MyDrive/setOfdata/augumentationpic/1_stud9.png,stud9
/content/drive/MyDrive/setOfdata/augumentationpic/45_stud9.png,stud9
/content/drive/MyDrive/setOfdata/augumentationpic/17_std5.jpg,std5
/content/drive/MyDrive/setOfdata/augumentationpic/17_stud2.png,stud2
/content/drive/MyDrive/setOfdata/augumentationpic/89_std2.jpg,std2
/content/drive/MyDrive/setOfdata/augumentationpic/61_stud2.png,stud2
/content/drive/MyDrive/setOfdata/augumentationpic/62_std1.jpg,std1
/content/drive/MyDrive/setOfdata/augumentationpic/37_std1.jpg,std1
/content/drive/MyDrive/setOfdata/augumentationpic/25_stud9.png,stud9
/content/drive/MyDrive/setOfdata/augumentationpic/62_std5.jpg,std5
/content/drive/MyDrive/setOfdata/augumentationpic/81_stud2.png,stud2
/content/drive/MyDrive/setOfdata/augumentationpic/93_stud9.png,stud9
/content/drive/MyDrive/setOfdata/augumentationpic/59_stud9.png,stud9
/content/drive/MyDrive/setOfdata/augumentationpic/26_std9.jpg,std9
/content/drive/MyDrive/setOfdata/augumentationpic/61_std2.jpg,std2
/content/drive/MyDrive/setOfdata/augumentationpic/92_stud5.png,stud5
/content/drive/MyDrive/setOfdata/augumentationpic/20_stud1.jpg,stud1
/content/drive/MyDrive/setOfdata/augumentationpic/63_stud2.png,stud2
/content/drive/MyDrive/setOfdata/augumentationpic/54_std8.jpg,std8
/content/drive/MyDrive/setOfdata/augumentationpic/17_stud5.png,stud5
/content/drive/MyDrive/setOfdata/augumentationpic/98_std5.jpg,std5
/content/drive/MyDrive/setOfdata/augumentationpic/82_stud8.png,stud8
/content/drive/MyDrive/setOfdata/augumentationpic/78_stud2.png,stud2
/content/drive/MyDrive/setOfdata/augumentationpic/8_std1.jpg,std1
/content/drive/MyDrive/setOfdata/augumentationpic/86_stud1.jpg,stud1
/content/drive/MyDrive/setOfdata/augumentationpic/14_stud8.png,stud8
/content/drive/MyDrive/setOfdata/augumentationpic/74_stud2.png,stud2
/content/drive/MyDrive/setOfdata/augumentationpic/66_std9.jpg,std9
/content/drive/MyDrive/setOfdata/augumentationpic/19_stud4.jpg,stud4
/content/drive/MyDrive/setOfdata/augumentationpic/1_stud5.png,stud5
/content/drive/MyDrive/setOfdata/augumentationpic/88_std8.jpg,std8
/content/drive/MyDrive/setOfdata/augumentationpic/33_stud4.jpg,stud4
/content/drive/MyDrive/setOfdata/augumentationpic/63_stud1.jpg,stud1
/content/drive/MyDrive/setOfdata/augumentationpic/27_std8.jpg,std8
/content/drive/MyDrive/setOfdata/augumentationpic/14_stud4.jpg,stud4
/content/drive/MyDrive/setOfdata/augumentationpic/27_stud3.jpg,stud3
/content/drive/MyDrive/setOfdata/augumentationpic/42_stud9.png,stud9
/content/drive/MyDrive/setOfdata/augumentationpic/74_stud8.png,stud8
/content/drive/MyDrive/setOfdata/augumentationpic/9_std2.jpg,std2
/content/drive/MyDrive/setOfdata/augumentationpic/88_stud2.png,stud2
/content/drive/MyDrive/setOfdata/augumentationpic/46_stud5.png,stud5
/content/drive/MyDrive/setOfdata/augumentationpic/88_stud5.png,stud5
/content/drive/MyDrive/setOfdata/augumentationpic/98_stud2.png,stud2
/content/drive/MyDrive/setOfdata/augumentationpic/50_std8.jpg,std8
/content/drive/MyDrive/setOfdata/augumentationpic/70_stud8.png,stud8
/content/drive/MyDrive/setOfdata/augumentationpic/55_stud8.png,stud8
/content/drive/MyDrive/setOfdata/augumentationpic/57_stud2.png,stud2
/content/drive/MyDrive/setOfdata/augumentationpic/74_std5.jpg,std5
/content/drive/MyDrive/setOfdata/augumentationpic/51_stud4.jpg,stud4
/content/drive/MyDrive/setOfdata/augumentationpic/10_std8.jpg,std8
/content/drive/MyDrive/setOfdata/augumentationpic/56_stud9.png,stud9
/content/drive/MyDrive/setOfdata/augumentationpic/23_std9.jpg,std9
/content/drive/MyDrive/setOfdata/augumentationpic/90_std9.jpg,std9
/content/drive/MyDrive/setOfdata/augumentationpic/30_stud3.jpg,stud3
/content/drive/MyDrive/setOfdata/augumentationpic/41_stud2.png,stud2
/content/drive/MyDrive/setOfdata/augumentationpic/21_stud4.jpg,stud4
/content/drive/MyDrive/setOfdata/augumentationpic/16_stud8.png,stud8
/content/drive/MyDrive/setOfdata/augumentationpic/11_stud1.jpg,stud1
/content/drive/MyDrive/setOfdata/augumentationpic/60_std8.jpg,std8
/content/drive/MyDrive/setOfdata/augumentationpic/51_stud3.jpg,stud3
/content/drive/MyDrive/setOfdata/augumentationpic/62_stud3.jpg,stud3
/content/drive/MyDrive/setOfdata/augumentationpic/15_stud8.png,stud8
/content/drive/MyDrive/setOfdata/augumentationpic/55_stud5.png,stud5
/content/drive/MyDrive/setOfdata/augumentationpic/37_stud3.jpg,stud3
/content/drive/MyDrive/setOfdata/augumentationpic/98_stud9.png,stud9
/content/drive/MyDrive/setOfdata/augumentationpic/46_stud3.jpg,stud3
/content/drive/MyDrive/setOfdata/augumentationpic/91_std5.jpg,std5
/content/drive/MyDrive/setOfdata/augumentationpic/15_stud2.png,stud2
/content/drive/MyDrive/setOfdata/augumentationpic/85_stud4.jpg,stud4
/content/drive/MyDrive/setOfdata/augumentationpic/47_stud9.png,stud9
/content/drive/MyDrive/setOfdata/augumentationpic/95_stud9.png,stud9
/content/drive/MyDrive/setOfdata/augumentationpic/96_std5.jpg,std5
/content/drive/MyDrive/setOfdata/augumentationpic/89_std9.jpg,std9
/content/drive/MyDrive/setOfdata/augumentationpic/76_std8.jpg,std8
/content/drive/MyDrive/setOfdata/augumentationpic/16_stud1.jpg,stud1
/content/drive/MyDrive/setOfdata/augumentationpic/39_stud3.jpg,stud3
/content/drive/MyDrive/setOfdata/augumentationpic/8_stud5.png,stud5
